"fecha";"Run Fondo";"serie";"1 mes";"3 meses";"6 meses";"1 a√±o ";"ytd"
2023-01-31;"8108";APV;-0.26%;"2.21%";-2.11%;"1.03%";%
2023-02-01;"8108";APV;-0.30%;"2.17%";-2.16%;"0.76%";%
2023-02-02;"8108";APV;-0.18%;"2.28%";-2.12%;"0.88%";%
2023-02-03;"8108";APV;-0.14%;"2.20%";-2.00%;"0.84%";%
2023-02-04;"8108";APV;-0.18%;"2.11%";-1.98%;"0.85%";%
2023-02-05;"8108";APV;-0.07%;"2.11%";-1.78%;"0.85%";%
2023-02-06;"8108";APV;-0.33%;"1.79%";-2.08%;"0.54%";%
2023-02-07;"8108";APV;-0.40%;"1.53%";-2.15%;"0.54%";%
2023-02-08;"8108";APV;-0.38%;"1.28%";-2.21%;"0.33%";%
2023-02-09;"8108";APV;-0.51%;"0.57%";-2.23%;"0.37%";%
2023-02-10;"8108";APV;-0.71%;-0.09%;-2.46%;"0.28%";%
2023-02-11;"8108";APV;-0.94%;-0.25%;-2.32%;"0.55%";%
2023-02-12;"8108";APV;-1.16%;-0.25%;-2.17%;"0.56%";%
2023-02-13;"8108";APV;-1.15%;-0.32%;-2.24%;"0.49%";%
2023-02-14;"8108";APV;-1.22%;-0.49%;-2.30%;"0.23%";%
2023-02-15;"8108";APV;-1.35%;-1.26%;-2.42%;"0.27%";%
2023-02-16;"8108";APV;-1.30%;-1.43%;-2.05%;"0.43%";%
2023-02-17;"8108";APV;-1.21%;-1.11%;-1.61%;"0.48%";%
2023-02-18;"8108";APV;-1.17%;-1.02%;-1.23%;"0.46%";%
2023-02-19;"8108";APV;-1.10%;-1.02%;-0.88%;"0.46%";%
2023-02-20;"8108";APV;-0.88%;-0.98%;-0.83%;"0.51%";%
2023-02-21;"8108";APV;-1.00%;-1.28%;-0.95%;"0.48%";%
2023-02-22;"8108";APV;-1.06%;-1.41%;-0.62%;"0.40%";%
2023-02-23;"8108";APV;-1.14%;-1.21%;-0.47%;"0.22%";%
2023-02-24;"8108";APV;-1.05%;-1.09%;-0.44%;"0.04%";%
2023-02-25;"8108";APV;-1.00%;-1.00%;-0.38%;"0.03%";%
2023-02-26;"8108";APV;-1.01%;-1.00%;-0.54%;"0.03%";%
2023-02-27;"8108";APV;-0.92%;-0.90%;-0.43%;"0.14%";%
2023-02-28;"8108";APV;-0.91%;-0.84%;-0.42%;"0.10%";%
2023-03-01;"8108";APV;-0.63%;-1.14%;-0.79%;-0.57%;%
2023-03-02;"8108";APV;-0.91%;-1.48%;-1.32%;-0.89%;%
2023-03-03;"8108";APV;-0.88%;-1.51%;-1.34%;-0.88%;%
2023-03-04;"8108";APV;-0.89%;-1.51%;-1.34%;-1.07%;%
2023-03-05;"8108";APV;-0.89%;-1.53%;-1.66%;-1.06%;%
2023-03-06;"8108";APV;-0.65%;-1.40%;-1.58%;-1.13%;%
2023-03-07;"8108";APV;-0.52%;-1.28%;-1.10%;-1.41%;%
2023-03-08;"8108";APV;-0.67%;-1.42%;-1.11%;-1.44%;%
2023-03-09;"8108";APV;-0.77%;-1.62%;-1.16%;-1.80%;%
2023-03-10;"8108";APV;-0.35%;-1.36%;-0.89%;-1.96%;%
2023-03-11;"8108";APV;-0.35%;-1.35%;-0.89%;-1.90%;%
2023-03-12;"8108";APV;-0.34%;-1.23%;-0.79%;-1.89%;%
2023-03-13;"8108";APV;"0.59%";-0.47%;"0.02%";-1.04%;%
2023-03-14;"8108";APV;"0.57%";-0.60%;-0.09%;-0.97%;%
2023-03-15;"8108";APV;"0.86%";-0.43%;"0.12%";-0.33%;%
2023-03-16;"8108";APV;"0.87%";-0.29%;"0.14%";-0.14%;%
2023-03-17;"8108";APV;"0.95%";-0.15%;"0.29%";"0.20%";%
2023-03-18;"8108";APV;"0.95%";-0.14%;"0.30%";"0.32%";%
2023-03-19;"8108";APV;"0.96%";"0.11%";"0.30%";"0.32%";%
2023-03-20;"8108";APV;"1.09%";"0.31%";"0.44%";"0.50%";%
2023-03-21;"8108";APV;"1.24%";"0.56%";"0.65%";"0.61%";%
2023-03-22;"8108";APV;"1.15%";"0.37%";"0.93%";"0.72%";%
2023-03-23;"8108";APV;"1.39%";"0.64%";"1.31%";"0.98%";%
2023-03-24;"8108";APV;"1.48%";"0.87%";"1.54%";"1.27%";%
2023-03-25;"8108";APV;"1.48%";"0.87%";"1.55%";"1.34%";%
2023-03-26;"8108";APV;"1.48%";"0.97%";"2.02%";"1.34%";%
2023-03-27;"8108";APV;"1.12%";"0.63%";"2.33%";"1.08%";%
2023-03-28;"8108";APV;"1.27%";"0.66%";"2.86%";"1.43%";%
2023-03-29;"8108";APV;"1.28%";"0.61%";"3.03%";"1.29%";%
2023-03-30;"8108";APV;"1.63%";"0.88%";"3.34%";"1.32%";%
2023-03-31;"8108";APV;"1.71%";"0.96%";"3.42%";"0.78%";%
2023-04-01;"8108";APV;"1.91%";"0.96%";"3.42%";"0.44%";%
2023-04-02;"8108";APV;"2.08%";"0.97%";"3.42%";"0.45%";%
2023-04-03;"8108";APV;"2.33%";"1.28%";"3.65%";"0.67%";%
2023-04-04;"8108";APV;"2.22%";"1.13%";"3.77%";"0.30%";%
2023-04-05;"8108";APV;"2.04%";"1.06%";"3.94%";"0.01%";%
2023-04-06;"8108";APV;"2.56%";"1.55%";"4.75%";"0.57%";%
2023-04-07;"8108";APV;"2.48%";"1.55%";"4.67%";"0.62%";%
2023-04-08;"8108";APV;"2.63%";"1.56%";"4.67%";"0.25%";%
2023-04-09;"8108";APV;"2.80%";"1.48%";"4.67%";"0.25%";%
2023-04-10;"8108";APV;"2.25%";"1.17%";"4.38%";-0.02%;%
2023-04-11;"8108";APV;"2.02%";"0.72%";"4.08%";-0.30%;%
2023-04-12;"8108";APV;"1.84%";"0.32%";"3.83%";-0.39%;%
2023-04-13;"8108";APV;"0.69%";"0.12%";"3.38%";-0.96%;%
2023-04-14;"8108";APV;"0.80%";"0.15%";"3.21%";-1.23%;%
2023-04-15;"8108";APV;"0.65%";"0.14%";"3.20%";-1.22%;%
2023-04-16;"8108";APV;"0.63%";"0.19%";"3.20%";-1.22%;%
2023-04-17;"8108";APV;"0.24%";-0.03%;"2.72%";-1.45%;%
2023-04-18;"8108";APV;"0.13%";-0.10%;"2.67%";-1.36%;%
2023-04-19;"8108";APV;-0.13%;-0.28%;"2.60%";-1.73%;%
2023-04-20;"8108";APV;-0.41%;-0.22%;"2.69%";-1.74%;%
2023-04-21;"8108";APV;-0.55%;-0.33%;"2.41%";-1.70%;%
2023-04-22;"8108";APV;-0.41%;-0.33%;"2.41%";-1.69%;%
2023-04-23;"8108";APV;-0.64%;-0.41%;"2.40%";-1.69%;%
2023-04-24;"8108";APV;-1.07%;-0.67%;"2.23%";-1.90%;%
2023-04-25;"8108";APV;-1.02%;-0.56%;"2.28%";-1.81%;%
2023-04-26;"8108";APV;-1.12%;-0.66%;"2.07%";-1.71%;%
2023-04-27;"8108";APV;-0.88%;-0.69%;"1.98%";-1.80%;%
2023-04-28;"8108";APV;-1.02%;-0.67%;"2.00%";-1.87%;%
2023-04-29;"8108";APV;-1.02%;-0.67%;"1.99%";-1.76%;%
2023-04-30;"8108";APV;-1.36%;-0.56%;"1.99%";-1.76%;%
2023-05-01;"8108";APV;-1.44%;-0.19%;"1.98%";-1.75%;%
2023-05-02;"8108";APV;-1.57%;-0.45%;"1.82%";-1.67%;%
2023-05-03;"8108";APV;-1.74%;-0.34%;"1.85%";-1.54%;%
2023-05-04;"8108";APV;-1.62%;-0.34%;"1.76%";-1.47%;%
2023-05-05;"8108";APV;-1.65%;-0.54%;"1.56%";-1.44%;%
2023-05-06;"8108";APV;-2.07%;-0.23%;"1.56%";-1.10%;%
2023-05-07;"8108";APV;-2.07%;-0.16%;"1.37%";-1.09%;%
2023-05-08;"8108";APV;-2.21%;-0.31%;"0.96%";-1.22%;%
2023-05-09;"8108";APV;-2.35%;-0.39%;"0.18%";-0.85%;%
2023-05-10;"8108";APV;-1.96%;-0.10%;-0.20%;-0.71%;%
2023-05-11;"8108";APV;-1.86%;-0.22%;-0.47%;-1.02%;%
2023-05-12;"8108";APV;-1.74%;-0.28%;-0.53%;-1.21%;%
2023-05-13;"8108";APV;-1.48%;-0.21%;-0.52%;-1.26%;%
2023-05-14;"8108";APV;-1.50%;-0.14%;-0.63%;-1.25%;%
2023-05-15;"8108";APV;-1.77%;-0.28%;-1.54%;-1.52%;%
2023-05-16;"8108";APV;-1.83%;-0.35%;-1.78%;-1.65%;%
2023-05-17;"8108";APV;-1.46%;-0.29%;-1.40%;-1.71%;%
2023-05-18;"8108";APV;-1.45%;-0.38%;-1.40%;-1.76%;%
2023-05-19;"8108";APV;-1.33%;-0.51%;-1.53%;-2.12%;%
2023-05-20;"8108";APV;-1.22%;-0.56%;-1.53%;-2.27%;%
2023-05-21;"8108";APV;-1.11%;-0.44%;-1.71%;-2.26%;%
2023-05-22;"8108";APV;-1.28%;-0.56%;-1.96%;-2.43%;%
2023-05-23;"8108";APV;-1.50%;-0.77%;-1.97%;-2.83%;%
2023-05-24;"8108";APV;-1.16%;-0.78%;-1.86%;-2.91%;%
2023-05-25;"8108";APV;-1.43%;-0.99%;-1.98%;-3.10%;%
2023-05-26;"8108";APV;-1.53%;-1.18%;-2.17%;-3.09%;%
2023-05-27;"8108";APV;-1.51%;-1.28%;-2.17%;-3.13%;%
2023-05-28;"8108";APV;-1.53%;-1.29%;-2.12%;-3.12%;%
2023-05-29;"8108";APV;-1.39%;-1.14%;-1.96%;-2.98%;%
2023-05-30;"8108";APV;-1.47%;-1.22%;-1.88%;-3.05%;%
2023-05-31;"8108";APV;-1.29%;-1.04%;-1.70%;-2.97%;%
2023-06-01;"8108";APV;-1.20%;-0.76%;-1.89%;-2.92%;%
2023-06-02;"8108";APV;-1.00%;-0.54%;-2.01%;-2.84%;%
2023-06-03;"8108";APV;-1.05%;-0.51%;-2.01%;-2.78%;%
2023-06-04;"8108";APV;-1.05%;-0.50%;-2.00%;-2.77%;%
2023-06-05;"8108";APV;-0.66%;-0.31%;-1.83%;-2.58%;%
2023-06-06;"8108";APV;-0.66%;-0.23%;-1.63%;-2.49%;%
2023-06-07;"8108";APV;-0.50%;-0.14%;-1.42%;-2.18%;%
2023-06-08;"8108";APV;-0.49%;-0.14%;-1.55%;-2.09%;%
2023-06-09;"8108";APV;-0.26%;"0.12%";-1.50%;-1.83%;%
2023-06-10;"8108";APV;-0.38%;-0.14%;-1.50%;-1.78%;%
2023-06-11;"8108";APV;-0.26%;-0.14%;-1.49%;-1.77%;%
2023-06-12;"8108";APV;-0.28%;-0.22%;-1.44%;-1.85%;%
2023-06-13;"8108";APV;-0.20%;-0.99%;-1.46%;-1.44%;%
2023-06-14;"8108";APV;-0.18%;-0.89%;-1.48%;-1.33%;%
2023-06-15;"8108";APV;"0.30%";-0.84%;-1.26%;-1.37%;%
2023-06-16;"8108";APV;"0.57%";-0.65%;-0.94%;-1.37%;%
2023-06-17;"8108";APV;"0.45%";-0.79%;-0.93%;-1.47%;%
2023-06-18;"8108";APV;"0.54%";-0.79%;-0.93%;-1.46%;%
2023-06-19;"8108";APV;"0.75%";-0.72%;-0.61%;-1.38%;%
2023-06-20;"8108";APV;"1.14%";-0.51%;-0.19%;-1.20%;%
2023-06-21;"8108";APV;"1.14%";-0.54%;"0.02%";-1.19%;%
2023-06-22;"8108";APV;"1.31%";-0.40%;-0.03%;-1.42%;%
2023-06-23;"8108";APV;"1.45%";-0.71%;-0.07%;-1.73%;%
2023-06-24;"8108";APV;"1.33%";-0.92%;-0.06%;-1.63%;%
2023-06-25;"8108";APV;"1.55%";-0.92%;-0.06%;-1.62%;%
2023-06-26;"8108";APV;"1.76%";-0.92%;"0.04%";-1.61%;%
2023-06-27;"8108";APV;"1.83%";-0.59%;"0.03%";-1.54%;%
2023-06-28;"8108";APV;"1.68%";-0.89%;-0.24%;-1.53%;%
2023-06-29;"8108";APV;"1.55%";-0.88%;-0.28%;-1.49%;%
2023-06-30;"8108";APV;"1.65%";-1.20%;-0.33%;-1.72%;%
2023-07-01;"8108";APV;"1.38%";-1.27%;-0.32%;-1.83%;%
2023-07-02;"8108";APV;"1.32%";-1.27%;-0.32%;-1.82%;%
2023-07-03;"8108";APV;"1.49%";-1.33%;-0.06%;-1.66%;%
2023-07-04;"8108";APV;"1.42%";-1.28%;-0.16%;-1.68%;%
2023-07-05;"8108";APV;"1.04%";-1.28%;-0.24%;-2.09%;%
2023-07-06;"8108";APV;"0.99%";-1.76%;-0.24%;-2.15%;%
2023-07-07;"8108";APV;"0.50%";-2.08%;-0.56%;-2.47%;%
2023-07-08;"8108";APV;"0.63%";-2.08%;-0.55%;-2.21%;%
2023-07-09;"8108";APV;"0.55%";-2.07%;-0.62%;-2.20%;%
2023-07-10;"8108";APV;"0.44%";-1.91%;-0.76%;-2.30%;%
2023-07-11;"8108";APV;"0.25%";-1.87%;-1.17%;-2.56%;%
2023-07-12;"8108";APV;"0.21%";-1.81%;-1.50%;-2.55%;%
2023-07-13;"8108";APV;"0.44%";-1.25%;-1.13%;-2.31%;%
2023-07-14;"8108";APV;"0.40%";-1.29%;-1.15%;-2.21%;%
2023-07-15;"8108";APV;"0.20%";-1.28%;-1.14%;-2.34%;%
2023-07-16;"8108";APV;"0.00%";-1.27%;-1.09%;-2.33%;%
2023-07-17;"8108";APV;"0.33%";-0.70%;-0.73%;-2.00%;%
2023-07-18;"8108";APV;"0.25%";-0.66%;-0.76%;-2.44%;%
2023-07-19;"8108";APV;"0.16%";-0.43%;-0.71%;-2.47%;%
2023-07-20;"8108";APV;-0.31%;-0.40%;-0.62%;-2.52%;%
2023-07-21;"8108";APV;-0.43%;-0.41%;-0.74%;-2.52%;%
2023-07-22;"8108";APV;-0.41%;-0.40%;-0.73%;-2.52%;%
2023-07-23;"8108";APV;-0.32%;-0.40%;-0.80%;-2.51%;%
2023-07-24;"8108";APV;-0.36%;-0.20%;-0.87%;-2.54%;%
2023-07-25;"8108";APV;-0.24%;-0.14%;-0.70%;-2.48%;%
2023-07-26;"8108";APV;-0.32%;-0.12%;-0.78%;-2.47%;%
2023-07-27;"8108";APV;-0.34%;-0.04%;-0.74%;-2.16%;%
2023-07-28;"8108";APV;-0.03%;"0.10%";-0.57%;-2.12%;%
2023-07-29;"8108";APV;-0.03%;"0.11%";-0.56%;-2.22%;%
2023-07-30;"8108";APV;-0.04%;"0.12%";-0.45%;-2.21%;%
2023-07-31;"8108";APV;"0.38%";"0.53%";"0.31%";-1.80%;%
2023-01-31;"8287";APV;-0.18%;"2.60%";-2.02%;"1.53%";-0.17%
2023-02-01;"8287";APV;-0.24%;"2.53%";-2.07%;"1.21%";-0.23%
2023-02-02;"8287";APV;-0.13%;"2.63%";-2.06%;"1.28%";-0.11%
2023-02-03;"8287";APV;-0.08%;"2.55%";-1.92%;"1.25%";-0.15%
2023-02-04;"8287";APV;-0.13%;"2.40%";-1.89%;"1.20%";-0.14%
2023-02-05;"8287";APV;-0.07%;"2.40%";-1.69%;"1.20%";-0.14%
2023-02-06;"8287";APV;-0.24%;"2.13%";-1.95%;"0.94%";-0.39%
2023-02-07;"8287";APV;-0.31%;"1.86%";-2.01%;"0.93%";-0.45%
2023-02-08;"8287";APV;-0.25%;"1.61%";-2.05%;"0.72%";-0.38%
2023-02-09;"8287";APV;-0.34%;"0.86%";-2.08%;"0.76%";-0.44%
2023-02-10;"8287";APV;-0.52%;"0.22%";-2.31%;"0.71%";-0.56%
2023-02-11;"8287";APV;-0.73%;"0.10%";-2.18%;"1.01%";-0.55%
2023-02-12;"8287";APV;-0.89%;"0.10%";-2.02%;"1.01%";-0.54%
2023-02-13;"8287";APV;-0.89%;"0.04%";-2.07%;"0.95%";-0.60%
2023-02-14;"8287";APV;-1.01%;-0.26%;-2.19%;"0.64%";-0.71%
2023-02-15;"8287";APV;-1.14%;-1.08%;-2.31%;"0.65%";-0.83%
2023-02-16;"8287";APV;-1.16%;-1.32%;-2.07%;"0.77%";-0.89%
2023-02-17;"8287";APV;-1.16%;-1.03%;-1.74%;"0.71%";-0.91%
2023-02-18;"8287";APV;-1.11%;-0.96%;-1.30%;"0.69%";-0.90%
2023-02-19;"8287";APV;-1.07%;-0.96%;-0.93%;"0.70%";-0.89%
2023-02-20;"8287";APV;-0.89%;-0.92%;-0.88%;"0.75%";-0.84%
2023-02-21;"8287";APV;-1.07%;-1.26%;-1.05%;"0.63%";-1.01%
2023-02-22;"8287";APV;-1.18%;-1.46%;-0.69%;"0.47%";-1.11%
2023-02-23;"8287";APV;-1.25%;-1.31%;-0.59%;"0.23%";-1.13%
2023-02-24;"8287";APV;-1.18%;-1.20%;-0.53%;"0.01%";-1.02%
2023-02-25;"8287";APV;-1.17%;-1.18%;-0.43%;"0.02%";-1.01%
2023-02-26;"8287";APV;-1.18%;-1.18%;-0.63%;"0.02%";-1.01%
2023-02-27;"8287";APV;-1.09%;-1.09%;-0.54%;"0.11%";-0.91%
2023-02-28;"8287";APV;-1.08%;-1.02%;-0.52%;"0.10%";-0.89%
2023-03-01;"8287";APV;-0.82%;-1.29%;-0.79%;-0.45%;-1.04%
2023-03-02;"8287";APV;-1.06%;-1.53%;-1.36%;-0.72%;-1.17%
2023-03-03;"8287";APV;-0.72%;-1.25%;-1.07%;-0.43%;-0.87%
2023-03-04;"8287";APV;-0.72%;-1.25%;-1.07%;-0.58%;-0.86%
2023-03-05;"8287";APV;-0.72%;-1.29%;-1.38%;-0.58%;-0.86%
2023-03-06;"8287";APV;-0.52%;-1.10%;-1.27%;-0.63%;-0.90%
2023-03-07;"8287";APV;-0.38%;-1.06%;-0.73%;-0.94%;-0.83%
2023-03-08;"8287";APV;-0.61%;-1.23%;-0.78%;-1.02%;-0.99%
2023-03-09;"8287";APV;-0.72%;-1.47%;-0.78%;-1.40%;-1.16%
2023-03-10;"8287";APV;-0.36%;-1.24%;-0.54%;-1.46%;-0.92%
2023-03-11;"8287";APV;-0.36%;-1.23%;-0.54%;-1.39%;-0.91%
2023-03-12;"8287";APV;-0.36%;-1.05%;-0.36%;-1.39%;-0.90%
2023-03-13;"8287";APV;"0.38%";-0.44%;"0.29%";-0.71%;-0.22%
2023-03-14;"8287";APV;"0.43%";-0.54%;"0.14%";-0.67%;-0.28%
2023-03-15;"8287";APV;"0.68%";-0.38%;"0.27%";-0.13%;-0.16%
2023-03-16;"8287";APV;"0.73%";-0.29%;"0.26%";"0.01%";-0.17%
2023-03-17;"8287";APV;"0.89%";-0.15%;"0.40%";"0.30%";-0.02%
2023-03-18;"8287";APV;"0.89%";-0.15%;"0.41%";"0.37%";-0.01%
2023-03-19;"8287";APV;"0.90%";"0.10%";"0.41%";"0.38%";"0.00%"
2023-03-20;"8287";APV;"0.97%";"0.32%";"0.52%";"0.50%";"0.12%"
2023-03-21;"8287";APV;"1.16%";"0.47%";"0.71%";"0.56%";"0.14%"
2023-03-22;"8287";APV;"1.09%";"0.23%";"0.98%";"0.54%";-0.03%
2023-03-23;"8287";APV;"1.36%";"0.52%";"1.34%";"0.80%";"0.21%"
2023-03-24;"8287";APV;"1.43%";"0.69%";"1.52%";"1.05%";"0.39%"
2023-03-25;"8287";APV;"1.43%";"0.70%";"1.53%";"1.14%";"0.40%"
2023-03-26;"8287";APV;"1.43%";"0.78%";"2.04%";"1.15%";"0.41%"
2023-03-27;"8287";APV;"1.15%";"0.54%";"2.35%";"0.96%";"0.23%"
2023-03-28;"8287";APV;"1.32%";"0.61%";"2.93%";"1.32%";"0.42%"
2023-03-29;"8287";APV;"1.35%";"0.54%";"3.16%";"1.25%";"0.45%"
2023-03-30;"8287";APV;"1.69%";"0.79%";"3.46%";"1.42%";"0.79%"
2023-03-31;"8287";APV;"1.73%";"0.82%";"3.49%";"0.99%";"0.83%"
2023-04-01;"8287";APV;"1.90%";"0.82%";"3.50%";"0.73%";"0.84%"
2023-04-02;"8287";APV;"2.04%";"0.83%";"3.50%";"0.73%";"0.84%"
2023-04-03;"8287";APV;"1.93%";"1.12%";"3.74%";"0.92%";"1.04%"
2023-04-04;"8287";APV;"1.82%";"0.96%";"3.85%";"0.53%";"0.94%"
2023-04-05;"8287";APV;"1.68%";"0.87%";"4.02%";"0.26%";"0.80%"
2023-04-06;"8287";APV;"2.14%";"1.37%";"4.82%";"0.73%";"1.22%"
2023-04-07;"8287";APV;"2.08%";"1.37%";"4.76%";"0.76%";"1.23%"
2023-04-08;"8287";APV;"2.25%";"1.38%";"4.77%";"0.30%";"1.24%"
2023-04-09;"8287";APV;"2.44%";"1.35%";"4.77%";"0.31%";"1.25%"
2023-04-10;"8287";APV;"1.97%";"1.07%";"4.54%";"0.09%";"1.03%"
2023-04-11;"8287";APV;"1.77%";"0.67%";"4.30%";-0.25%;"0.85%"
2023-04-12;"8287";APV;"1.60%";"0.34%";"4.01%";-0.35%;"0.69%"
2023-04-13;"8287";APV;"0.66%";"0.15%";"3.57%";-0.88%;"0.45%"
2023-04-14;"8287";APV;"0.75%";"0.16%";"3.46%";-1.15%;"0.46%"
2023-04-15;"8287";APV;"0.63%";"0.15%";"3.46%";-1.15%;"0.47%"
2023-04-16;"8287";APV;"0.64%";"0.20%";"3.46%";-1.14%;"0.47%"
2023-04-17;"8287";APV;"0.30%";"0.02%";"3.03%";-1.34%;"0.28%"
2023-04-18;"8287";APV;"0.22%";-0.01%;"2.98%";-1.25%;"0.20%"
2023-04-19;"8287";APV;-0.03%;-0.21%;"2.92%";-1.57%;-0.04%
2023-04-20;"8287";APV;-0.24%;-0.17%;"2.96%";-1.61%;-0.12%
2023-04-21;"8287";APV;-0.33%;-0.26%;"2.80%";-1.54%;-0.20%
2023-04-22;"8287";APV;-0.15%;-0.26%;"2.79%";-1.59%;-0.19%
2023-04-23;"8287";APV;-0.40%;-0.30%;"2.79%";-1.59%;-0.18%
2023-04-24;"8287";APV;-0.77%;-0.54%;"2.59%";-1.78%;-0.38%
2023-04-25;"8287";APV;-0.73%;-0.48%;"2.61%";-1.72%;-0.33%
2023-04-26;"8287";APV;-0.83%;-0.59%;"2.41%";-1.65%;-0.42%
2023-04-27;"8287";APV;-0.64%;-0.59%;"2.41%";-1.70%;-0.42%
2023-04-28;"8287";APV;-0.80%;-0.57%;"2.40%";-1.73%;-0.39%
2023-04-29;"8287";APV;-0.83%;-0.58%;"2.40%";-1.58%;-0.38%
2023-04-30;"8287";APV;-1.15%;-0.50%;"2.40%";-1.58%;-0.37%
2023-05-01;"8287";APV;-1.19%;-0.14%;"2.39%";-1.57%;-0.37%
2023-05-02;"8287";APV;-1.32%;-0.38%;"2.25%";-1.49%;-0.48%
2023-05-03;"8287";APV;-1.50%;-0.32%;"2.22%";-1.45%;-0.47%
2023-05-04;"8287";APV;-1.43%;-0.36%;"2.03%";-1.42%;-0.51%
2023-05-05;"8287";APV;-1.45%;-0.53%;"1.86%";-1.34%;-0.66%
2023-05-06;"8287";APV;-1.85%;-0.27%;"1.86%";-1.08%;-0.65%
2023-05-07;"8287";APV;-1.86%;-0.20%;"1.66%";-1.07%;-0.65%
2023-05-08;"8287";APV;-1.98%;-0.38%;"1.22%";-1.19%;-0.76%
2023-05-09;"8287";APV;-2.11%;-0.44%;"0.41%";-0.84%;-0.88%
2023-05-10;"8287";APV;-1.80%;-0.23%;-0.01%;-0.65%;-0.79%
2023-05-11;"8287";APV;-1.73%;-0.34%;-0.24%;-0.93%;-0.89%
2023-05-12;"8287";APV;-1.63%;-0.40%;-0.31%;-1.08%;-0.95%
2023-05-13;"8287";APV;-1.38%;-0.34%;-0.30%;-1.14%;-0.94%
2023-05-14;"8287";APV;-1.38%;-0.22%;-0.48%;-1.13%;-0.93%
2023-05-15;"8287";APV;-1.63%;-0.33%;-1.41%;-1.37%;-1.16%
2023-05-16;"8287";APV;-1.67%;-0.32%;-1.63%;-1.48%;-1.20%
2023-05-17;"8287";APV;-1.40%;-0.22%;-1.25%;-1.56%;-1.12%
2023-05-18;"8287";APV;-1.39%;-0.29%;-1.25%;-1.58%;-1.19%
2023-05-19;"8287";APV;-1.29%;-0.43%;-1.39%;-1.91%;-1.32%
2023-05-20;"8287";APV;-1.20%;-0.48%;-1.39%;-2.04%;-1.31%
2023-05-21;"8287";APV;-1.11%;-0.29%;-1.55%;-2.04%;-1.30%
2023-05-22;"8287";APV;-1.32%;-0.40%;-1.85%;-2.24%;-1.50%
2023-05-23;"8287";APV;-1.54%;-0.59%;-1.88%;-2.58%;-1.72%
2023-05-24;"8287";APV;-1.25%;-0.61%;-1.80%;-2.66%;-1.63%
2023-05-25;"8287";APV;-1.43%;-0.75%;-1.92%;-2.78%;-1.76%
2023-05-26;"8287";APV;-1.57%;-0.99%;-2.16%;-2.85%;-1.99%
2023-05-27;"8287";APV;-1.57%;-1.07%;-2.15%;-2.87%;-1.98%
2023-05-28;"8287";APV;-1.58%;-1.09%;-2.10%;-2.86%;-1.97%
2023-05-29;"8287";APV;-1.41%;-0.90%;-1.96%;-2.68%;-1.78%
2023-05-30;"8287";APV;-1.48%;-0.97%;-1.86%;-2.65%;-1.85%
2023-05-31;"8287";APV;-1.32%;-0.80%;-1.70%;-2.58%;-1.69%
2023-06-01;"8287";APV;-1.28%;-0.61%;-1.89%;-2.58%;-1.64%
2023-06-02;"8287";APV;-1.12%;-0.43%;-1.96%;-2.52%;-1.59%
2023-06-03;"8287";APV;-1.12%;-0.72%;-1.96%;-2.47%;-1.58%
2023-06-04;"8287";APV;-1.07%;-0.72%;-1.95%;-2.46%;-1.57%
2023-06-05;"8287";APV;-0.77%;-0.57%;-1.85%;-2.32%;-1.43%
2023-06-06;"8287";APV;-0.73%;-0.48%;-1.57%;-2.22%;-1.38%
2023-06-07;"8287";APV;-0.56%;-0.38%;-1.44%;-1.96%;-1.21%
2023-06-08;"8287";APV;-0.66%;-0.43%;-1.65%;-1.97%;-1.41%
2023-06-09;"8287";APV;-0.47%;-0.19%;-1.66%;-1.73%;-1.35%
2023-06-10;"8287";APV;-0.55%;-0.42%;-1.65%;-1.72%;-1.33%
2023-06-11;"8287";APV;-0.44%;-0.42%;-1.65%;-1.71%;-1.32%
2023-06-12;"8287";APV;-0.42%;-0.46%;-1.51%;-1.75%;-1.36%
2023-06-13;"8287";APV;-0.34%;-1.06%;-1.49%;-1.42%;-1.27%
2023-06-14;"8287";APV;-0.31%;-0.96%;-1.49%;-1.29%;-1.24%
2023-06-15;"8287";APV;"0.17%";-0.84%;-1.22%;-1.30%;-1.00%
2023-06-16;"8287";APV;"0.42%";-0.62%;-0.91%;-1.28%;-0.79%
2023-06-17;"8287";APV;"0.35%";-0.75%;-0.91%;-1.35%;-0.78%
2023-06-18;"8287";APV;"0.42%";-0.75%;-0.90%;-1.35%;-0.77%
2023-06-19;"8287";APV;"0.70%";-0.63%;-0.54%;-1.22%;-0.64%
2023-06-20;"8287";APV;"0.98%";-0.46%;-0.15%;-1.10%;-0.34%
2023-06-21;"8287";APV;"0.98%";-0.47%;"0.00%";-1.10%;-0.33%
2023-06-22;"8287";APV;"1.20%";-0.29%;-0.06%;-1.27%;-0.32%
2023-06-23;"8287";APV;"1.35%";-0.60%;-0.09%;-1.49%;-0.39%
2023-06-24;"8287";APV;"1.27%";-0.77%;-0.08%;-1.42%;-0.38%
2023-06-25;"8287";APV;"1.41%";-0.77%;-0.08%;-1.42%;-0.37%
2023-06-26;"8287";APV;"1.66%";-0.77%;"0.01%";-1.41%;-0.36%
2023-06-27;"8287";APV;"1.75%";-0.49%;"0.05%";-1.32%;-0.27%
2023-06-28;"8287";APV;"1.64%";-0.77%;-0.17%;-1.33%;-0.36%
2023-06-29;"8287";APV;"1.48%";-0.78%;-0.24%;-1.32%;-0.33%
2023-06-30;"8287";APV;"1.55%";-1.11%;-0.33%;-1.54%;-0.33%
2023-07-01;"8287";APV;"1.35%";-1.14%;-0.33%;-1.64%;-0.32%
2023-07-02;"8287";APV;"1.31%";-1.14%;-0.33%;-1.63%;-0.31%
2023-07-03;"8287";APV;"1.47%";-1.17%;-0.06%;-1.46%;-0.13%
2023-07-04;"8287";APV;"1.40%";-1.13%;-0.18%;-1.50%;-0.20%
2023-07-05;"8287";APV;"1.11%";-1.13%;-0.27%;-1.89%;-0.33%
2023-07-06;"8287";APV;"1.01%";-1.58%;-0.23%;-1.96%;-0.38%
2023-07-07;"8287";APV;"0.48%";-1.94%;-0.59%;-2.37%;-0.73%
2023-07-08;"8287";APV;"0.70%";-1.94%;-0.59%;-2.10%;-0.72%
2023-07-09;"8287";APV;"0.64%";-1.94%;-0.61%;-2.09%;-0.71%
2023-07-10;"8287";APV;"0.55%";-1.80%;-0.75%;-2.17%;-0.79%
2023-07-11;"8287";APV;"0.35%";-1.81%;-1.16%;-2.45%;-0.98%
2023-07-12;"8287";APV;"0.21%";-1.83%;-1.50%;-2.55%;-1.16%
2023-07-13;"8287";APV;"0.48%";-1.24%;-1.10%;-2.30%;-0.80%
2023-07-14;"8287";APV;"0.44%";-1.25%;-1.10%;-2.26%;-0.80%
2023-07-15;"8287";APV;"0.21%";-1.25%;-1.10%;-2.28%;-0.79%
2023-07-16;"8287";APV;"0.01%";-1.25%;-1.05%;-2.28%;-0.78%
2023-07-17;"8287";APV;"0.34%";-0.71%;-0.69%;-1.94%;-0.44%
2023-07-18;"8287";APV;"0.30%";-0.67%;-0.68%;-2.33%;-0.47%
2023-07-19;"8287";APV;"0.13%";-0.47%;-0.68%;-2.39%;-0.51%
2023-07-20;"8287";APV;-0.19%;-0.42%;-0.59%;-2.43%;-0.53%
2023-07-21;"8287";APV;-0.34%;-0.48%;-0.73%;-2.48%;-0.67%
2023-07-22;"8287";APV;-0.34%;-0.47%;-0.73%;-2.48%;-0.66%
2023-07-23;"8287";APV;-0.26%;-0.47%;-0.77%;-2.48%;-0.65%
2023-07-24;"8287";APV;-0.31%;-0.31%;-0.84%;-2.51%;-0.68%
2023-07-25;"8287";APV;-0.23%;-0.27%;-0.75%;-2.47%;-0.59%
2023-07-26;"8287";APV;-0.26%;-0.19%;-0.79%;-2.49%;-0.62%
2023-07-27;"8287";APV;-0.29%;-0.14%;-0.74%;-2.18%;-0.56%
2023-07-28;"8287";APV;"0.01%";"0.03%";-0.54%;-2.10%;-0.35%
2023-07-29;"8287";APV;-0.01%;"0.04%";-0.54%;-2.18%;-0.34%
2023-07-30;"8287";APV;-0.01%;"0.04%";-0.46%;-2.17%;-0.33%
2023-07-31;"8287";APV;"0.45%";"0.50%";"0.29%";-1.73%;"0.12%"
2023-01-31;"8315";APV;-0.39%;"2.35%";-2.59%;"0.00%";-0.39%
2023-02-01;"8315";APV;-0.42%;"2.32%";-2.71%;-0.25%;-0.41%
2023-02-02;"8315";APV;-0.27%;"2.53%";-2.65%;-0.14%;-0.26%
2023-02-03;"8315";APV;-0.21%;"2.31%";-2.51%;-0.19%;-0.34%
2023-02-04;"8315";APV;-0.25%;"2.20%";-2.54%;-0.22%;-0.33%
2023-02-05;"8315";APV;-0.12%;"2.20%";-2.28%;-0.22%;-0.33%
2023-02-06;"8315";APV;-0.31%;"1.91%";-2.55%;-0.50%;-0.60%
2023-02-07;"8315";APV;-0.39%;"1.63%";-2.62%;-0.52%;-0.67%
2023-02-08;"8315";APV;-0.33%;"1.40%";-2.62%;-0.91%;-0.61%
2023-02-09;"8315";APV;-0.44%;"0.71%";-2.57%;-0.87%;-0.68%
2023-02-10;"8315";APV;-0.66%;"0.16%";-2.78%;-0.95%;-0.82%
2023-02-11;"8315";APV;-0.88%;-0.07%;-2.53%;-0.67%;-0.81%
2023-02-12;"8315";APV;-1.07%;-0.07%;-2.37%;-0.67%;-0.80%
2023-02-13;"8315";APV;-1.06%;-0.15%;-2.45%;-0.75%;-0.88%
2023-02-14;"8315";APV;-1.22%;-0.54%;-2.60%;-1.09%;-1.03%
2023-02-15;"8315";APV;-1.39%;-1.40%;-2.76%;-1.09%;-1.19%
2023-02-16;"8315";APV;-1.33%;-1.51%;-2.47%;-0.93%;-1.18%
2023-02-17;"8315";APV;-1.26%;-1.14%;-2.00%;-0.88%;-1.12%
2023-02-18;"8315";APV;-1.21%;-1.12%;-1.56%;-0.88%;-1.12%
2023-02-19;"8315";APV;-1.15%;-1.12%;-1.12%;-0.88%;-1.11%
2023-02-20;"8315";APV;-0.94%;-1.06%;-1.05%;-0.81%;-1.04%
2023-02-21;"8315";APV;-1.06%;-1.36%;-1.17%;-0.87%;-1.16%
2023-02-22;"8315";APV;-1.09%;-1.47%;-0.64%;-0.91%;-1.18%
2023-02-23;"8315";APV;-1.16%;-1.24%;-0.61%;-1.21%;-1.16%
2023-02-24;"8315";APV;-1.08%;-1.12%;-0.62%;-1.43%;-1.04%
2023-02-25;"8315";APV;-1.06%;-1.06%;-0.62%;-1.41%;-1.04%
2023-02-26;"8315";APV;-1.06%;-1.06%;-0.87%;-1.41%;-1.03%
2023-02-27;"8315";APV;-0.96%;-0.97%;-0.78%;-1.33%;-0.95%
2023-02-28;"8315";APV;-0.93%;-0.91%;-0.75%;-1.37%;-0.91%
2023-03-01;"8315";APV;-0.64%;-1.14%;-1.09%;-1.86%;-1.05%
2023-03-02;"8315";APV;-0.92%;-1.44%;-1.66%;-2.06%;-1.17%
2023-03-03;"8315";APV;-0.90%;-1.52%;-1.73%;-2.11%;-1.24%
2023-03-04;"8315";APV;-0.90%;-1.52%;-1.73%;-2.25%;-1.23%
2023-03-05;"8315";APV;-0.90%;-1.58%;-2.14%;-2.25%;-1.23%
2023-03-06;"8315";APV;-0.68%;-1.47%;-1.97%;-2.30%;-1.28%
2023-03-07;"8315";APV;-0.52%;-1.37%;-1.41%;-2.66%;-1.19%
2023-03-08;"8315";APV;-0.79%;-1.59%;-1.48%;-2.78%;-1.40%
2023-03-09;"8315";APV;-0.93%;-1.88%;-1.47%;-2.98%;-1.60%
2023-03-10;"8315";APV;-0.62%;-1.71%;-1.30%;-3.07%;-1.43%
2023-03-11;"8315";APV;-0.62%;-1.71%;-1.29%;-2.97%;-1.42%
2023-03-12;"8315";APV;-0.61%;-1.57%;-1.03%;-2.97%;-1.41%
2023-03-13;"8315";APV;"0.15%";-0.98%;-0.45%;-2.30%;-0.73%
2023-03-14;"8315";APV;"0.18%";-1.14%;-0.67%;-2.29%;-0.85%
2023-03-15;"8315";APV;"0.52%";-0.93%;-0.47%;-1.69%;-0.67%
2023-03-16;"8315";APV;"0.52%";-0.78%;-0.46%;-1.57%;-0.66%
2023-03-17;"8315";APV;"0.61%";-0.64%;-0.32%;-1.34%;-0.52%
2023-03-18;"8315";APV;"0.61%";-0.64%;-0.32%;-1.23%;-0.51%
2023-03-19;"8315";APV;"0.62%";-0.37%;-0.32%;-1.23%;-0.50%
2023-03-20;"8315";APV;"0.67%";-0.16%;-0.19%;-1.12%;-0.37%
2023-03-21;"8315";APV;"0.76%";-0.02%;-0.04%;-1.09%;-0.41%
2023-03-22;"8315";APV;"0.66%";-0.21%;"0.38%";-1.07%;-0.52%
2023-03-23;"8315";APV;"0.85%";"0.05%";"0.73%";-0.91%;-0.32%
2023-03-24;"8315";APV;"0.89%";"0.21%";"0.89%";-0.74%;-0.16%
2023-03-25;"8315";APV;"0.89%";"0.21%";"0.89%";-0.68%;-0.16%
2023-03-26;"8315";APV;"0.89%";"0.27%";"1.54%";-0.68%;-0.15%
2023-03-27;"8315";APV;"0.61%";"0.02%";"1.86%";-0.88%;-0.34%
2023-03-28;"8315";APV;"0.77%";"0.05%";"2.44%";-0.49%;-0.15%
2023-03-29;"8315";APV;"0.84%";"0.06%";"2.69%";-0.53%;-0.08%
2023-03-30;"8315";APV;"1.15%";"0.22%";"2.91%";-0.40%;"0.22%"
2023-03-31;"8315";APV;"1.19%";"0.26%";"2.96%";-0.74%;"0.27%"
2023-04-01;"8315";APV;"1.34%";"0.27%";"2.96%";-0.90%;"0.28%"
2023-04-02;"8315";APV;"1.47%";"0.27%";"2.96%";-0.90%;"0.28%"
2023-04-03;"8315";APV;"1.75%";"0.62%";"3.19%";-0.71%;"0.49%"
2023-04-04;"8315";APV;"1.65%";"0.48%";"3.28%";-0.94%;"0.39%"
2023-04-05;"8315";APV;"1.55%";"0.51%";"3.55%";-1.17%;"0.30%"
2023-04-06;"8315";APV;"1.98%";"0.96%";"4.33%";-0.78%;"0.67%"
2023-04-07;"8315";APV;"1.89%";"0.96%";"4.23%";-0.78%;"0.68%"
2023-04-08;"8315";APV;"2.11%";"0.97%";"4.23%";-1.33%;"0.69%"
2023-04-09;"8315";APV;"2.34%";"0.94%";"4.23%";-1.34%;"0.69%"
2023-04-10;"8315";APV;"1.91%";"0.61%";"3.97%";-1.58%;"0.45%"
2023-04-11;"8315";APV;"1.69%";"0.18%";"3.58%";-1.91%;"0.25%"
2023-04-12;"8315";APV;"1.50%";-0.20%;"3.31%";-2.04%;"0.07%"
2023-04-13;"8315";APV;"0.59%";-0.33%;"2.94%";-2.56%;-0.14%
2023-04-14;"8315";APV;"0.71%";-0.34%;"2.83%";-2.84%;-0.15%
2023-04-15;"8315";APV;"0.54%";-0.34%;"2.83%";-2.85%;-0.14%
2023-04-16;"8315";APV;"0.53%";-0.29%;"2.82%";-2.85%;-0.14%
2023-04-17;"8315";APV;"0.20%";-0.47%;"2.40%";-3.04%;-0.32%
2023-04-18;"8315";APV;"0.09%";-0.51%;"2.41%";-2.93%;-0.41%
2023-04-19;"8315";APV;-0.15%;-0.69%;"2.39%";-3.31%;-0.65%
2023-04-20;"8315";APV;-0.37%;-0.65%;"2.47%";-3.34%;-0.75%
2023-04-21;"8315";APV;-0.41%;-0.72%;"2.21%";-3.27%;-0.81%
2023-04-22;"8315";APV;-0.28%;-0.72%;"2.21%";-3.24%;-0.81%
2023-04-23;"8315";APV;-0.48%;-0.80%;"2.20%";-3.23%;-0.80%
2023-04-24;"8315";APV;-0.88%;-1.07%;"2.00%";-3.46%;-1.04%
2023-04-25;"8315";APV;-0.84%;-1.02%;"1.96%";-3.41%;-1.00%
2023-04-26;"8315";APV;-0.87%;-1.05%;"1.82%";-3.29%;-1.02%
2023-04-27;"8315";APV;-0.71%;-1.05%;"1.70%";-3.41%;-1.04%
2023-04-28;"8315";APV;-0.87%;-1.03%;"1.72%";-3.38%;-1.02%
2023-04-29;"8315";APV;-0.93%;-1.03%;"1.72%";-3.25%;-1.01%
2023-04-30;"8315";APV;-1.23%;-0.93%;"1.72%";-3.24%;-1.01%
2023-05-01;"8315";APV;-1.27%;-0.59%;"1.71%";-3.23%;-1.00%
2023-05-02;"8315";APV;-1.35%;-0.82%;"1.69%";-3.09%;-1.07%
2023-05-03;"8315";APV;-1.53%;-0.71%;"1.58%";-2.99%;-1.04%
2023-05-04;"8315";APV;-1.48%;-0.76%;"1.42%";-2.91%;-1.09%
2023-05-05;"8315";APV;-1.56%;-0.94%;"1.24%";-2.90%;-1.26%
2023-05-06;"8315";APV;-1.91%;-0.66%;"1.24%";-2.75%;-1.25%
2023-05-07;"8315";APV;-1.92%;-0.58%;"1.04%";-2.75%;-1.25%
2023-05-08;"8315";APV;-2.03%;-0.75%;"0.64%";-2.85%;-1.35%
2023-05-09;"8315";APV;-2.18%;-0.82%;-0.12%;-2.49%;-1.50%
2023-05-10;"8315";APV;-1.86%;-0.60%;-0.44%;-2.40%;-1.41%
2023-05-11;"8315";APV;-1.77%;-0.72%;-0.80%;-2.66%;-1.53%
2023-05-12;"8315";APV;-1.67%;-0.80%;-0.88%;-2.85%;-1.60%
2023-05-13;"8315";APV;-1.46%;-0.72%;-0.87%;-2.90%;-1.59%
2023-05-14;"8315";APV;-1.44%;-0.56%;-1.10%;-2.89%;-1.58%
2023-05-15;"8315";APV;-1.67%;-0.62%;-2.02%;-3.11%;-1.81%
2023-05-16;"8315";APV;-1.69%;-0.66%;-2.16%;-3.22%;-1.83%
2023-05-17;"8315";APV;-1.44%;-0.64%;-1.77%;-3.25%;-1.75%
2023-05-18;"8315";APV;-1.41%;-0.71%;-1.83%;-3.33%;-1.82%
2023-05-19;"8315";APV;-1.30%;-0.83%;-1.95%;-3.62%;-1.94%
2023-05-20;"8315";APV;-1.19%;-0.90%;-1.95%;-3.68%;-1.93%
2023-05-21;"8315";APV;-1.12%;-0.77%;-2.12%;-3.68%;-1.92%
2023-05-22;"8315";APV;-1.25%;-0.88%;-2.33%;-3.79%;-2.04%
2023-05-23;"8315";APV;-1.49%;-1.13%;-2.36%;-4.11%;-2.28%
2023-05-24;"8315";APV;-1.24%;-1.23%;-2.34%;-4.24%;-2.26%
2023-05-25;"8315";APV;-1.47%;-1.43%;-2.47%;-4.35%;-2.45%
2023-05-26;"8315";APV;-1.65%;-1.63%;-2.67%;-4.42%;-2.64%
2023-05-27;"8315";APV;-1.61%;-1.71%;-2.66%;-4.53%;-2.64%
2023-05-28;"8315";APV;-1.63%;-1.73%;-2.62%;-4.52%;-2.63%
2023-05-29;"8315";APV;-1.50%;-1.60%;-2.45%;-4.39%;-2.49%
2023-05-30;"8315";APV;-1.59%;-1.68%;-2.38%;-4.25%;-2.58%
2023-05-31;"8315";APV;-1.42%;-1.52%;-2.22%;-4.12%;-2.41%
2023-06-01;"8315";APV;-1.35%;-1.31%;-2.43%;-4.12%;-2.34%
2023-06-02;"8315";APV;-1.18%;-1.08%;-2.51%;-4.01%;-2.24%
2023-06-03;"8315";APV;-1.20%;-1.01%;-2.51%;-3.93%;-2.23%
2023-06-04;"8315";APV;-1.15%;-1.01%;-2.51%;-3.92%;-2.23%
2023-06-05;"8315";APV;-0.84%;-0.87%;-2.43%;-3.78%;-2.08%
2023-06-06;"8315";APV;-0.80%;-0.78%;-2.24%;-3.67%;-2.05%
2023-06-07;"8315";APV;-0.70%;-0.77%;-2.13%;-3.48%;-1.94%
2023-06-08;"8315";APV;-0.77%;-0.73%;-2.30%;-3.45%;-2.11%
2023-06-09;"8315";APV;-0.58%;-0.47%;-2.34%;-3.26%;-2.06%
2023-06-10;"8315";APV;-0.65%;-0.64%;-2.33%;-3.21%;-2.06%
2023-06-11;"8315";APV;-0.53%;-0.64%;-2.33%;-3.20%;-2.05%
2023-06-12;"8315";APV;-0.49%;-0.68%;-2.24%;-3.24%;-2.08%
2023-06-13;"8315";APV;-0.41%;-1.27%;-2.24%;-2.91%;-1.99%
2023-06-14;"8315";APV;-0.31%;-1.05%;-2.18%;-2.75%;-1.89%
2023-06-15;"8315";APV;"0.11%";-1.03%;-1.96%;-2.78%;-1.70%
2023-06-16;"8315";APV;"0.31%";-0.87%;-1.65%;-2.83%;-1.53%
2023-06-17;"8315";APV;"0.24%";-1.01%;-1.64%;-2.88%;-1.52%
2023-06-18;"8315";APV;"0.32%";-1.01%;-1.64%;-2.87%;-1.51%
2023-06-19;"8315";APV;"0.56%";-0.89%;-1.26%;-2.76%;-1.39%
2023-06-20;"8315";APV;"0.81%";-0.76%;-0.92%;-2.66%;-1.13%
2023-06-21;"8315";APV;"0.81%";-0.72%;-0.74%;-2.66%;-1.13%
2023-06-22;"8315";APV;"0.98%";-0.56%;-0.77%;-2.79%;-1.08%
2023-06-23;"8315";APV;"1.10%";-0.88%;-0.83%;-2.93%;-1.20%
2023-06-24;"8315";APV;"1.10%";-1.03%;-0.83%;-2.83%;-1.19%
2023-06-25;"8315";APV;"1.30%";-1.03%;-0.82%;-2.82%;-1.18%
2023-06-26;"8315";APV;"1.51%";-1.03%;-0.76%;-2.82%;-1.18%
2023-06-27;"8315";APV;"1.57%";-0.77%;-0.75%;-2.75%;-1.11%
2023-06-28;"8315";APV;"1.48%";-1.04%;-0.99%;-2.71%;-1.19%
2023-06-29;"8315";APV;"1.33%";-1.12%;-1.06%;-2.71%;-1.20%
2023-06-30;"8315";APV;"1.44%";-1.40%;-1.18%;-2.85%;-1.18%
2023-07-01;"8315";APV;"1.20%";-1.44%;-1.18%;-2.97%;-1.17%
2023-07-02;"8315";APV;"1.10%";-1.44%;-1.18%;-2.96%;-1.16%
2023-07-03;"8315";APV;"1.24%";-1.50%;-0.89%;-2.82%;-1.02%
2023-07-04;"8315";APV;"1.21%";-1.43%;-0.96%;-2.81%;-1.04%
2023-07-05;"8315";APV;"0.94%";-1.47%;-0.96%;-3.15%;-1.17%
2023-07-06;"8315";APV;"0.83%";-1.89%;-0.95%;-3.23%;-1.23%
2023-07-07;"8315";APV;"0.38%";-2.24%;-1.29%;-3.55%;-1.57%
2023-07-08;"8315";APV;"0.56%";-2.23%;-1.29%;-3.28%;-1.56%
2023-07-09;"8315";APV;"0.52%";-2.23%;-1.31%;-3.27%;-1.55%
2023-07-10;"8315";APV;"0.46%";-2.05%;-1.45%;-3.32%;-1.60%
2023-07-11;"8315";APV;"0.22%";-2.08%;-1.90%;-3.66%;-1.84%
2023-07-12;"8315";APV;"0.17%";-1.98%;-2.18%;-3.68%;-1.92%
2023-07-13;"8315";APV;"0.34%";-1.52%;-1.84%;-3.48%;-1.65%
2023-07-14;"8315";APV;"0.23%";-1.52%;-1.85%;-3.54%;-1.66%
2023-07-15;"8315";APV;"0.05%";-1.51%;-1.85%;-3.64%;-1.65%
2023-07-16;"8315";APV;-0.12%;-1.51%;-1.80%;-3.63%;-1.64%
2023-07-17;"8315";APV;"0.18%";-1.02%;-1.48%;-3.33%;-1.34%
2023-07-18;"8315";APV;"0.18%";-0.92%;-1.43%;-3.62%;-1.33%
2023-07-19;"8315";APV;"0.05%";-0.70%;-1.39%;-3.62%;-1.35%
2023-07-20;"8315";APV;-0.26%;-0.65%;-1.29%;-3.66%;-1.39%
2023-07-21;"8315";APV;-0.39%;-0.71%;-1.42%;-3.67%;-1.51%
2023-07-22;"8315";APV;-0.43%;-0.70%;-1.42%;-3.70%;-1.50%
2023-07-23;"8315";APV;-0.30%;-0.70%;-1.49%;-3.69%;-1.49%
2023-07-24;"8315";APV;-0.42%;-0.57%;-1.64%;-3.80%;-1.61%
2023-07-25;"8315";APV;-0.35%;-0.54%;-1.55%;-3.72%;-1.53%
2023-07-26;"8315";APV;-0.39%;-0.55%;-1.59%;-3.76%;-1.56%
2023-07-27;"8315";APV;-0.37%;-0.43%;-1.48%;-3.44%;-1.47%
2023-07-28;"8315";APV;-0.13%;-0.31%;-1.34%;-3.46%;-1.32%
2023-07-29;"8315";APV;-0.12%;-0.30%;-1.33%;-3.49%;-1.31%
2023-07-30;"8315";APV;-0.12%;-0.30%;-1.23%;-3.48%;-1.30%
2023-07-31;"8315";APV;"0.33%";"0.16%";-0.46%;-3.05%;-0.85%
2023-01-31;"8375";APV;-0.19%;"2.30%";-2.94%;-0.63%;-0.19%
2023-02-01;"8375";APV;-0.22%;"2.28%";-3.08%;-0.84%;-0.21%
2023-02-02;"8375";APV;-0.08%;"2.40%";-3.02%;-0.70%;-0.06%
2023-02-03;"8375";APV;"0.00%";"2.18%";-2.83%;-0.72%;-0.14%
2023-02-04;"8375";APV;-0.07%;"2.06%";-2.89%;-0.74%;-0.13%
2023-02-05;"8375";APV;"0.03%";"2.06%";-2.61%;-0.74%;-0.12%
2023-02-06;"8375";APV;-0.16%;"1.79%";-2.86%;-0.99%;-0.38%
2023-02-07;"8375";APV;-0.25%;"1.52%";-2.95%;-1.00%;-0.46%
2023-02-08;"8375";APV;-0.16%;"1.38%";-2.93%;-1.22%;-0.37%
2023-02-09;"8375";APV;-0.26%;"0.72%";-2.91%;-1.22%;-0.44%
2023-02-10;"8375";APV;-0.44%;"0.22%";-3.08%;-1.20%;-0.53%
2023-02-11;"8375";APV;-0.65%;-0.01%;-2.82%;-0.98%;-0.52%
2023-02-12;"8375";APV;-0.85%;-0.01%;-2.68%;-0.98%;-0.52%
2023-02-13;"8375";APV;-0.85%;-0.06%;-2.73%;-1.03%;-0.56%
2023-02-14;"8375";APV;-0.97%;-0.42%;-2.84%;-1.32%;-0.68%
2023-02-15;"8375";APV;-1.10%;-1.18%;-2.97%;-1.30%;-0.81%
2023-02-16;"8375";APV;-1.07%;-1.27%;-2.64%;-1.16%;-0.79%
2023-02-17;"8375";APV;-0.98%;-0.88%;-2.15%;-1.13%;-0.72%
2023-02-18;"8375";APV;-0.95%;-0.85%;-1.70%;-1.11%;-0.71%
2023-02-19;"8375";APV;-0.90%;-0.85%;-1.25%;-1.11%;-0.70%
2023-02-20;"8375";APV;-0.72%;-0.79%;-1.18%;-1.05%;-0.64%
2023-02-21;"8375";APV;-0.82%;-1.06%;-1.28%;-1.11%;-0.73%
2023-02-22;"8375";APV;-0.84%;-1.16%;-0.72%;-1.14%;-0.74%
2023-02-23;"8375";APV;-0.90%;-0.94%;-0.73%;-1.37%;-0.74%
2023-02-24;"8375";APV;-0.80%;-0.80%;-0.75%;-1.56%;-0.60%
2023-02-25;"8375";APV;-0.77%;-0.71%;-0.70%;-1.53%;-0.60%
2023-02-26;"8375";APV;-0.79%;-0.71%;-0.99%;-1.53%;-0.59%
2023-02-27;"8375";APV;-0.68%;-0.64%;-0.91%;-1.46%;-0.52%
2023-02-28;"8375";APV;-0.64%;-0.56%;-0.87%;-1.48%;-0.47%
2023-03-01;"8375";APV;-0.39%;-0.75%;-1.19%;-1.95%;-0.60%
2023-03-02;"8375";APV;-0.63%;-0.97%;-1.78%;-2.10%;-0.69%
2023-03-03;"8375";APV;-0.62%;-1.04%;-1.85%;-2.16%;-0.76%
2023-03-04;"8375";APV;-0.63%;-1.04%;-1.85%;-2.29%;-0.76%
2023-03-05;"8375";APV;-0.63%;-1.09%;-2.30%;-2.29%;-0.75%
2023-03-06;"8375";APV;-0.42%;-0.96%;-2.02%;-2.34%;-0.80%
2023-03-07;"8375";APV;-0.27%;-0.90%;-1.45%;-2.63%;-0.74%
2023-03-08;"8375";APV;-0.59%;-1.12%;-1.51%;-2.77%;-0.96%
2023-03-09;"8375";APV;-0.71%;-1.39%;-1.49%;-3.09%;-1.14%
2023-03-10;"8375";APV;-0.49%;-1.27%;-1.37%;-3.25%;-1.01%
2023-03-11;"8375";APV;-0.49%;-1.26%;-1.36%;-3.12%;-1.00%
2023-03-12;"8375";APV;-0.48%;-1.14%;-1.03%;-3.12%;-1.00%
2023-03-13;"8375";APV;"0.11%";-0.69%;-0.64%;-2.59%;-0.45%
2023-03-14;"8375";APV;"0.11%";-0.83%;-0.88%;-2.51%;-0.57%
2023-03-15;"8375";APV;"0.37%";-0.65%;-0.70%;-1.98%;-0.44%
2023-03-16;"8375";APV;"0.34%";-0.50%;-0.71%;-1.90%;-0.45%
2023-03-17;"8375";APV;"0.39%";-0.38%;-0.59%;-1.68%;-0.33%
2023-03-18;"8375";APV;"0.39%";-0.38%;-0.59%;-1.60%;-0.32%
2023-03-19;"8375";APV;"0.40%";-0.17%;-0.58%;-1.60%;-0.31%
2023-03-20;"8375";APV;"0.44%";"0.00%";-0.48%;-1.50%;-0.20%
2023-03-21;"8375";APV;"0.55%";"0.16%";-0.31%;-1.44%;-0.19%
2023-03-22;"8375";APV;"0.45%";-0.02%;"0.19%";-1.43%;-0.30%
2023-03-23;"8375";APV;"0.65%";"0.26%";"0.56%";-1.30%;-0.09%
2023-03-24;"8375";APV;"0.65%";"0.40%";"0.70%";-1.16%;"0.05%"
2023-03-25;"8375";APV;"0.66%";"0.40%";"0.70%";-1.11%;"0.05%"
2023-03-26;"8375";APV;"0.66%";"0.49%";"1.33%";-1.11%;"0.06%"
2023-03-27;"8375";APV;"0.43%";"0.27%";"1.75%";-1.27%;-0.09%
2023-03-28;"8375";APV;"0.56%";"0.32%";"2.32%";-0.91%;"0.09%"
2023-03-29;"8375";APV;"0.60%";"0.26%";"2.53%";-0.99%;"0.13%"
2023-03-30;"8375";APV;"0.90%";"0.42%";"2.79%";-0.92%;"0.42%"
2023-03-31;"8375";APV;"0.93%";"0.45%";"2.83%";-1.31%;"0.46%"
2023-04-01;"8375";APV;"1.07%";"0.46%";"2.83%";-1.44%;"0.47%"
2023-04-02;"8375";APV;"1.17%";"0.46%";"2.83%";-1.44%;"0.47%"
2023-04-03;"8375";APV;"1.43%";"0.80%";"3.03%";-1.27%;"0.66%"
2023-04-04;"8375";APV;"1.32%";"0.62%";"3.16%";-1.52%;"0.56%"
2023-04-05;"8375";APV;"1.20%";"0.60%";"3.40%";-1.75%;"0.44%"
2023-04-06;"8375";APV;"1.65%";"1.06%";"4.22%";-1.35%;"0.84%"
2023-04-07;"8375";APV;"1.59%";"1.06%";"4.10%";-1.33%;"0.84%"
2023-04-08;"8375";APV;"1.82%";"1.06%";"4.10%";-1.84%;"0.85%"
2023-04-09;"8375";APV;"2.02%";"1.03%";"4.10%";-1.85%;"0.86%"
2023-04-10;"8375";APV;"1.67%";"0.72%";"3.87%";-2.07%;"0.64%"
2023-04-11;"8375";APV;"1.49%";"0.35%";"3.54%";-2.38%;"0.47%"
2023-04-12;"8375";APV;"1.32%";-0.03%;"3.28%";-2.52%;"0.31%"
2023-04-13;"8375";APV;"0.54%";-0.20%;"2.92%";-3.02%;"0.09%"
2023-04-14;"8375";APV;"0.66%";-0.20%;"2.83%";-3.29%;"0.09%"
2023-04-15;"8375";APV;"0.54%";-0.20%;"2.82%";-3.29%;"0.10%"
2023-04-16;"8375";APV;"0.55%";-0.18%;"2.82%";-3.29%;"0.10%"
2023-04-17;"8375";APV;"0.26%";-0.34%;"2.45%";-3.46%;-0.07%
2023-04-18;"8375";APV;"0.17%";-0.39%;"2.43%";-3.35%;-0.15%
2023-04-19;"8375";APV;-0.07%;-0.58%;"2.38%";-3.71%;-0.38%
2023-04-20;"8375";APV;-0.26%;-0.54%;"2.47%";-3.68%;-0.45%
2023-04-21;"8375";APV;-0.33%;-0.60%;"2.20%";-3.60%;-0.51%
2023-04-22;"8375";APV;-0.21%;-0.61%;"2.20%";-3.58%;-0.51%
2023-04-23;"8375";APV;-0.41%;-0.67%;"2.20%";-3.58%;-0.50%
2023-04-24;"8375";APV;-0.79%;-0.94%;"1.99%";-3.81%;-0.75%
2023-04-25;"8375";APV;-0.78%;-0.90%;"1.94%";-3.78%;-0.73%
2023-04-26;"8375";APV;-0.85%;-0.98%;"1.77%";-3.70%;-0.79%
2023-04-27;"8375";APV;-0.69%;-0.95%;"1.72%";-3.71%;-0.78%
2023-04-28;"8375";APV;-0.88%;-0.96%;"1.70%";-3.69%;-0.79%
2023-04-29;"8375";APV;-0.91%;-0.97%;"1.70%";-3.60%;-0.79%
2023-04-30;"8375";APV;-1.20%;-0.87%;"1.70%";-3.59%;-0.78%
2023-05-01;"8375";APV;-1.24%;-0.57%;"1.69%";-3.58%;-0.78%
2023-05-02;"8375";APV;-1.35%;-0.82%;"1.56%";-3.42%;-0.88%
2023-05-03;"8375";APV;-1.50%;-0.71%;"1.45%";-3.33%;-0.85%
2023-05-04;"8375";APV;-1.49%;-0.80%;"1.24%";-3.32%;-0.93%
2023-05-05;"8375";APV;-1.49%;-0.93%;"1.11%";-3.22%;-1.05%
2023-05-06;"8375";APV;-1.87%;-0.67%;"1.11%";-2.99%;-1.05%
2023-05-07;"8375";APV;-1.87%;-0.58%;"0.93%";-2.99%;-1.04%
2023-05-08;"8375";APV;-1.98%;-0.79%;"0.58%";-3.10%;-1.15%
2023-05-09;"8375";APV;-2.13%;-0.86%;-0.15%;-2.79%;-1.30%
2023-05-10;"8375";APV;-1.84%;-0.69%;-0.47%;-2.67%;-1.22%
2023-05-11;"8375";APV;-1.77%;-0.79%;-0.80%;-2.91%;-1.31%
2023-05-12;"8375";APV;-1.69%;-0.87%;-0.88%;-3.08%;-1.38%
2023-05-13;"8375";APV;-1.46%;-0.82%;-0.88%;-3.08%;-1.38%
2023-05-14;"8375";APV;-1.46%;-0.70%;-1.11%;-3.08%;-1.37%
2023-05-15;"8375";APV;-1.68%;-0.78%;-1.94%;-3.29%;-1.58%
2023-05-16;"8375";APV;-1.71%;-0.82%;-2.08%;-3.42%;-1.61%
2023-05-17;"8375";APV;-1.49%;-0.85%;-1.72%;-3.49%;-1.56%
2023-05-18;"8375";APV;-1.45%;-0.89%;-1.74%;-3.50%;-1.59%
2023-05-19;"8375";APV;-1.32%;-1.00%;-1.85%;-3.79%;-1.70%
2023-05-20;"8375";APV;-1.24%;-1.06%;-1.84%;-3.88%;-1.69%
2023-05-21;"8375";APV;-1.17%;-0.96%;-2.01%;-3.87%;-1.68%
2023-05-22;"8375";APV;-1.28%;-1.05%;-2.19%;-3.97%;-1.78%
2023-05-23;"8375";APV;-1.46%;-1.23%;-2.15%;-4.21%;-1.95%
2023-05-24;"8375";APV;-1.20%;-1.34%;-2.13%;-4.32%;-1.94%
2023-05-25;"8375";APV;-1.38%;-1.51%;-2.21%;-4.42%;-2.10%
2023-05-26;"8375";APV;-1.47%;-1.66%;-2.36%;-4.45%;-2.24%
2023-05-27;"8375";APV;-1.46%;-1.72%;-2.36%;-4.56%;-2.23%
2023-05-28;"8375";APV;-1.44%;-1.76%;-2.31%;-4.55%;-2.22%
2023-05-29;"8375";APV;-1.32%;-1.64%;-2.14%;-4.42%;-2.10%
2023-05-30;"8375";APV;-1.41%;-1.72%;-2.06%;-4.26%;-2.18%
2023-05-31;"8375";APV;-1.29%;-1.59%;-1.93%;-4.19%;-2.06%
2023-06-01;"8375";APV;-1.21%;-1.39%;-2.13%;-4.18%;-1.98%
2023-06-02;"8375";APV;-1.04%;-1.22%;-2.18%;-4.10%;-1.90%
2023-06-03;"8375";APV;-1.06%;-1.14%;-2.18%;-4.03%;-1.90%
2023-06-04;"8375";APV;-0.96%;-1.14%;-2.17%;-4.02%;-1.89%
2023-06-05;"8375";APV;-0.69%;-0.99%;-2.07%;-3.87%;-1.73%
2023-06-06;"8375";APV;-0.67%;-0.92%;-1.87%;-3.78%;-1.71%
2023-06-07;"8375";APV;-0.58%;-0.88%;-1.77%;-3.59%;-1.61%
2023-06-08;"8375";APV;-0.63%;-0.82%;-1.94%;-3.56%;-1.77%
2023-06-09;"8375";APV;-0.45%;-0.61%;-1.99%;-3.38%;-1.74%
2023-06-10;"8375";APV;-0.52%;-0.73%;-1.99%;-3.35%;-1.73%
2023-06-11;"8375";APV;-0.42%;-0.73%;-1.98%;-3.34%;-1.73%
2023-06-12;"8375";APV;-0.38%;-0.77%;-1.90%;-3.37%;-1.76%
2023-06-13;"8375";APV;-0.30%;-1.23%;-1.91%;-3.04%;-1.68%
2023-06-14;"8375";APV;-0.23%;-1.03%;-1.85%;-2.92%;-1.59%
2023-06-15;"8375";APV;"0.19%";-0.96%;-1.61%;-2.89%;-1.40%
2023-06-16;"8375";APV;"0.40%";-0.77%;-1.26%;-2.88%;-1.21%
2023-06-17;"8375";APV;"0.36%";-0.88%;-1.26%;-2.96%;-1.20%
2023-06-18;"8375";APV;"0.41%";-0.88%;-1.25%;-2.95%;-1.19%
2023-06-19;"8375";APV;"0.62%";-0.78%;-0.94%;-2.84%;-1.08%
2023-06-20;"8375";APV;"0.85%";-0.66%;-0.66%;-2.78%;-0.86%
2023-06-21;"8375";APV;"0.85%";-0.66%;-0.50%;-2.78%;-0.85%
2023-06-22;"8375";APV;"0.97%";-0.54%;-0.55%;-2.97%;-0.83%
2023-06-23;"8375";APV;"1.04%";-0.84%;-0.58%;-3.19%;-0.93%
2023-06-24;"8375";APV;"1.03%";-0.97%;-0.58%;-3.04%;-0.93%
2023-06-25;"8375";APV;"1.21%";-0.97%;-0.57%;-3.03%;-0.92%
2023-06-26;"8375";APV;"1.36%";-0.97%;-0.48%;-3.02%;-0.91%
2023-06-27;"8375";APV;"1.41%";-0.77%;-0.50%;-2.97%;-0.86%
2023-06-28;"8375";APV;"1.34%";-1.00%;-0.69%;-2.92%;-0.91%
2023-06-29;"8375";APV;"1.20%";-1.05%;-0.80%;-2.96%;-0.93%
2023-06-30;"8375";APV;"1.31%";-1.32%;-0.91%;-3.10%;-0.91%
2023-07-01;"8375";APV;"1.10%";-1.36%;-0.91%;-3.22%;-0.90%
2023-07-02;"8375";APV;"1.04%";-1.36%;-0.91%;-3.21%;-0.89%
2023-07-03;"8375";APV;"1.17%";-1.39%;-0.60%;-3.07%;-0.74%
2023-07-04;"8375";APV;"1.15%";-1.31%;-0.70%;-3.05%;-0.76%
2023-07-05;"8375";APV;"0.87%";-1.31%;-0.73%;-3.41%;-0.88%
2023-07-06;"8375";APV;"0.79%";-1.75%;-0.71%;-3.44%;-0.93%
2023-07-07;"8375";APV;"0.40%";-2.04%;-1.00%;-3.72%;-1.22%
2023-07-08;"8375";APV;"0.57%";-2.04%;-1.00%;-3.45%;-1.21%
2023-07-09;"8375";APV;"0.55%";-2.04%;-1.03%;-3.44%;-1.20%
2023-07-10;"8375";APV;"0.44%";-1.93%;-1.22%;-3.54%;-1.30%
2023-07-11;"8375";APV;"0.22%";-1.97%;-1.63%;-3.85%;-1.51%
2023-07-12;"8375";APV;"0.15%";-1.92%;-1.94%;-3.90%;-1.61%
2023-07-13;"8375";APV;"0.36%";-1.41%;-1.60%;-3.70%;-1.32%
2023-07-14;"8375";APV;"0.28%";-1.41%;-1.60%;-3.77%;-1.32%
2023-07-15;"8375";APV;"0.09%";-1.40%;-1.60%;-3.97%;-1.31%
2023-07-16;"8375";APV;-0.09%;-1.40%;-1.57%;-3.96%;-1.30%
2023-07-17;"8375";APV;"0.18%";-0.95%;-1.29%;-3.69%;-1.02%
2023-07-18;"8375";APV;"0.19%";-0.87%;-1.25%;-3.99%;-1.01%
2023-07-19;"8375";APV;"0.07%";-0.63%;-1.21%;-3.94%;-1.01%
2023-07-20;"8375";APV;-0.20%;-0.61%;-1.14%;-3.95%;-1.06%
2023-07-21;"8375";APV;-0.33%;-0.66%;-1.26%;-3.92%;-1.17%
2023-07-22;"8375";APV;-0.33%;-0.66%;-1.26%;-3.93%;-1.16%
2023-07-23;"8375";APV;-0.22%;-0.65%;-1.32%;-3.92%;-1.15%
2023-07-24;"8375";APV;-0.34%;-0.52%;-1.46%;-4.03%;-1.26%
2023-07-25;"8375";APV;-0.28%;-0.47%;-1.37%;-3.95%;-1.19%
2023-07-26;"8375";APV;-0.30%;-0.43%;-1.40%;-3.98%;-1.21%
2023-07-27;"8375";APV;-0.27%;-0.34%;-1.29%;-3.64%;-1.12%
2023-07-28;"8375";APV;-0.04%;-0.16%;-1.12%;-3.66%;-0.95%
2023-07-29;"8375";APV;-0.02%;-0.16%;-1.12%;-3.68%;-0.94%
2023-07-30;"8375";APV;-0.03%;-0.15%;-1.02%;-3.67%;-0.93%
2023-07-31;"8375";APV;"0.41%";"0.28%";-0.31%;-3.25%;-0.50%
2023-01-31;"8676";AC-APV;-0.50%;-1.95%;-5.30%;-11.55%;-0.53%
2023-02-01;"8676";AC-APV;-0.48%;-1.93%;-5.28%;-11.53%;-0.54%
2023-02-02;"8676";AC-APV;-0.46%;-1.91%;-5.26%;-11.52%;-0.55%
2023-02-03;"8676";AC-APV;-0.43%;-1.89%;-5.25%;-11.50%;-0.56%
2023-02-04;"8676";AC-APV;-0.41%;-1.87%;-5.23%;-11.49%;-0.57%
2023-02-05;"8676";AC-APV;-0.39%;-1.85%;-5.21%;-11.48%;-0.58%
2023-02-06;"8676";AC-APV;-0.37%;-1.83%;-5.19%;-11.46%;-0.59%
2023-02-07;"8676";AC-APV;-0.34%;-1.82%;-5.17%;-11.45%;-0.60%
2023-02-08;"8676";AC-APV;-0.32%;-1.80%;-5.15%;-11.43%;-0.61%
2023-02-09;"8676";AC-APV;-0.30%;-1.78%;-5.14%;-11.42%;-0.62%
2023-02-10;"8676";AC-APV;-0.32%;-1.79%;-5.12%;-11.41%;-0.65%
2023-02-11;"8676";AC-APV;-0.34%;-1.80%;-5.10%;-11.39%;-0.68%
2023-02-12;"8676";AC-APV;-0.36%;-1.81%;-5.09%;-11.38%;-0.70%
2023-02-13;"8676";AC-APV;-0.37%;-1.82%;-5.07%;-11.37%;-0.73%
2023-02-14;"8676";AC-APV;-0.39%;-1.84%;-5.06%;-11.36%;-0.76%
2023-02-15;"8676";AC-APV;-0.41%;-1.85%;-5.04%;-11.34%;-0.79%
2023-02-16;"8676";AC-APV;-0.43%;-1.86%;-5.03%;-11.33%;-0.82%
2023-02-17;"8676";AC-APV;-0.45%;-1.87%;-5.01%;-11.32%;-0.84%
2023-02-18;"8676";AC-APV;-0.47%;-1.88%;-5.00%;-11.31%;-0.87%
2023-02-19;"8676";AC-APV;-0.49%;-1.89%;-4.98%;-11.29%;-0.90%
2023-02-20;"8676";AC-APV;-0.51%;-1.91%;-4.96%;-11.28%;-0.93%
2023-02-21;"8676";AC-APV;-0.52%;-1.92%;-4.95%;-11.27%;-0.96%
2023-02-22;"8676";AC-APV;-0.54%;-1.93%;-4.93%;-11.26%;-0.99%
2023-02-23;"8676";AC-APV;-0.56%;-1.94%;-4.92%;-11.24%;-1.01%
2023-02-24;"8676";AC-APV;-0.58%;-1.95%;-4.90%;-11.23%;-1.04%
2023-02-25;"8676";AC-APV;-0.60%;-1.96%;-4.89%;-11.22%;-1.07%
2023-02-26;"8676";AC-APV;-0.62%;-1.97%;-4.87%;-11.21%;-1.10%
2023-02-27;"8676";AC-APV;-0.64%;-1.99%;-4.86%;-11.19%;-1.13%
2023-02-28;"8676";AC-APV;-0.65%;-2.00%;-4.84%;-11.18%;-1.15%
2023-03-01;"8676";AC-APV;-0.64%;-1.98%;-4.70%;-11.17%;-1.18%
2023-03-02;"8676";AC-APV;-0.66%;-1.99%;-4.68%;-11.16%;-1.21%
2023-03-03;"8676";AC-APV;-0.68%;-2.00%;-4.67%;-11.14%;-1.24%
2023-03-04;"8676";AC-APV;-0.70%;-2.01%;-4.65%;-11.13%;-1.27%
2023-03-05;"8676";AC-APV;-0.72%;-2.02%;-4.63%;-11.12%;-1.30%
2023-03-06;"8676";AC-APV;-0.74%;-2.03%;-4.62%;-11.11%;-1.32%
2023-03-07;"8676";AC-APV;-0.76%;-2.05%;-4.60%;-11.09%;-1.35%
2023-03-08;"8676";AC-APV;-0.78%;-2.06%;-4.59%;-11.08%;-1.38%
2023-03-09;"8676";AC-APV;-0.79%;-2.07%;-4.57%;-11.07%;-1.41%
2023-03-10;"8676";AC-APV;-0.76%;-2.04%;-4.53%;-11.06%;-1.40%
2023-03-11;"8676";AC-APV;-0.73%;-2.00%;-4.49%;-11.05%;-1.40%
2023-03-12;"8676";AC-APV;-0.70%;-1.97%;-4.45%;-11.03%;-1.40%
2023-03-13;"8676";AC-APV;-0.67%;-1.93%;-4.41%;-11.02%;-1.39%
2023-03-14;"8676";AC-APV;-0.64%;-1.90%;-4.37%;-11.01%;-1.39%
2023-03-15;"8676";AC-APV;-0.60%;-1.86%;-4.32%;-11.00%;-1.39%
2023-03-16;"8676";AC-APV;-0.57%;-1.83%;-4.28%;-10.99%;-1.39%
2023-03-17;"8676";AC-APV;-0.54%;-1.79%;-4.24%;-10.98%;-1.38%
2023-03-18;"8676";AC-APV;-0.51%;-1.76%;-4.20%;-10.97%;-1.38%
2023-03-19;"8676";AC-APV;-0.48%;-1.72%;-4.16%;-10.95%;-1.38%
2023-03-20;"8676";AC-APV;-0.45%;-1.69%;-4.12%;-10.94%;-1.37%
2023-03-21;"8676";AC-APV;-0.42%;-1.65%;-4.08%;-10.93%;-1.37%
2023-03-22;"8676";AC-APV;-0.38%;-1.62%;-4.04%;-10.92%;-1.37%
2023-03-23;"8676";AC-APV;-0.35%;-1.58%;-4.00%;-10.91%;-1.36%
2023-03-24;"8676";AC-APV;-0.32%;-1.55%;-3.95%;-10.90%;-1.36%
2023-03-25;"8676";AC-APV;-0.29%;-1.51%;-3.91%;-10.88%;-1.36%
2023-03-26;"8676";AC-APV;-0.26%;-1.48%;-3.87%;-10.87%;-1.35%
2023-03-27;"8676";AC-APV;-0.23%;-1.45%;-3.83%;-10.86%;-1.35%
2023-03-28;"8676";AC-APV;-0.19%;-1.41%;-3.79%;-10.85%;-1.35%
2023-03-29;"8676";AC-APV;-0.19%;-1.38%;-3.75%;-10.84%;-1.34%
2023-03-30;"8676";AC-APV;-0.19%;-1.34%;-3.71%;-10.83%;-1.34%
2023-03-31;"8676";AC-APV;-0.18%;-1.31%;-3.70%;-10.82%;-1.34%
2023-04-01;"8676";AC-APV;-0.15%;-1.27%;-3.66%;-10.80%;-1.33%
2023-04-02;"8676";AC-APV;-0.12%;-1.24%;-3.62%;-10.79%;-1.33%
2023-04-03;"8676";AC-APV;-0.09%;-1.20%;-3.58%;-10.78%;-1.33%
2023-04-04;"8676";AC-APV;-0.06%;-1.17%;-3.54%;-10.77%;-1.32%
2023-04-05;"8676";AC-APV;-0.03%;-1.13%;-3.50%;-10.76%;-1.32%
2023-04-06;"8676";AC-APV;"0.01%";-1.10%;-3.45%;-10.75%;-1.32%
2023-04-07;"8676";AC-APV;"0.04%";-1.06%;-3.41%;-10.74%;-1.32%
2023-04-08;"8676";AC-APV;"0.07%";-1.03%;-3.37%;-10.72%;-1.31%
2023-04-09;"8676";AC-APV;"0.10%";-0.99%;-3.33%;-10.71%;-1.31%
2023-04-10;"8676";AC-APV;"0.06%";-1.02%;-3.34%;-10.69%;-1.34%
2023-04-11;"8676";AC-APV;"0.02%";-1.04%;-3.34%;-10.67%;-1.38%
2023-04-12;"8676";AC-APV;-0.02%;-1.07%;-3.35%;-10.64%;-1.42%
2023-04-13;"8676";AC-APV;-0.06%;-1.10%;-3.36%;-10.62%;-1.45%
2023-04-14;"8676";AC-APV;-0.10%;-1.12%;-3.37%;-10.59%;-1.49%
2023-04-15;"8676";AC-APV;-0.14%;-1.15%;-3.37%;-10.57%;-1.52%
2023-04-16;"8676";AC-APV;-0.18%;-1.18%;-3.38%;-10.55%;-1.56%
2023-04-17;"8676";AC-APV;-0.22%;-1.20%;-3.39%;-10.52%;-1.60%
2023-04-18;"8676";AC-APV;-0.26%;-1.23%;-3.40%;-10.50%;-1.63%
2023-04-19;"8676";AC-APV;-0.30%;-1.26%;-3.40%;-10.48%;-1.67%
2023-04-20;"8676";AC-APV;-0.34%;-1.28%;-3.41%;-10.45%;-1.70%
2023-04-21;"8676";AC-APV;-0.38%;-1.31%;-3.42%;-10.43%;-1.74%
2023-04-22;"8676";AC-APV;-0.42%;-1.34%;-3.42%;-10.41%;-1.78%
2023-04-23;"8676";AC-APV;-0.45%;-1.36%;-3.43%;-10.38%;-1.81%
2023-04-24;"8676";AC-APV;-0.49%;-1.39%;-3.44%;-10.36%;-1.85%
2023-04-25;"8676";AC-APV;-0.53%;-1.42%;-3.45%;-10.34%;-1.88%
2023-04-26;"8676";AC-APV;-0.57%;-1.44%;-3.45%;-10.31%;-1.92%
2023-04-27;"8676";AC-APV;-0.61%;-1.47%;-3.46%;-10.29%;-1.95%
2023-04-28;"8676";AC-APV;-0.65%;-1.49%;-3.47%;-10.27%;-1.99%
2023-04-29;"8676";AC-APV;-0.69%;-1.52%;-3.48%;-10.24%;-2.03%
2023-04-30;"8676";AC-APV;-0.73%;-1.55%;-3.48%;-10.22%;-2.06%
2023-05-01;"8676";AC-APV;-0.77%;-1.56%;-3.46%;-10.19%;-2.10%
2023-05-02;"8676";AC-APV;-0.81%;-1.59%;-3.47%;-10.17%;-2.13%
2023-05-03;"8676";AC-APV;-0.85%;-1.62%;-3.48%;-10.15%;-2.17%
2023-05-04;"8676";AC-APV;-0.89%;-1.64%;-3.48%;-10.12%;-2.20%
2023-05-05;"8676";AC-APV;-0.93%;-1.67%;-3.49%;-10.10%;-2.24%
2023-05-06;"8676";AC-APV;-0.97%;-1.70%;-3.50%;-10.08%;-2.28%
2023-05-07;"8676";AC-APV;-1.01%;-1.72%;-3.51%;-10.05%;-2.31%
2023-05-08;"8676";AC-APV;-1.05%;-1.75%;-3.51%;-10.03%;-2.35%
2023-05-09;"8676";AC-APV;-1.09%;-1.77%;-3.52%;-10.01%;-2.38%
2023-05-10;"8676";AC-APV;-1.06%;-1.76%;-3.51%;-9.97%;-2.39%
2023-05-11;"8676";AC-APV;-1.03%;-1.74%;-3.51%;-9.94%;-2.40%
2023-05-12;"8676";AC-APV;-1.01%;-1.72%;-3.50%;-9.91%;-2.41%
2023-05-13;"8676";AC-APV;-0.98%;-1.70%;-3.49%;-9.88%;-2.42%
2023-05-14;"8676";AC-APV;-0.96%;-1.68%;-3.49%;-9.85%;-2.43%
2023-05-15;"8676";AC-APV;-0.93%;-1.66%;-3.48%;-9.82%;-2.44%
2023-05-16;"8676";AC-APV;-0.90%;-1.65%;-3.47%;-9.78%;-2.45%
2023-05-17;"8676";AC-APV;-0.88%;-1.63%;-3.47%;-9.75%;-2.46%
2023-05-18;"8676";AC-APV;-0.85%;-1.61%;-3.46%;-9.72%;-2.47%
2023-05-19;"8676";AC-APV;-0.82%;-1.59%;-3.45%;-9.69%;-2.48%
2023-05-20;"8676";AC-APV;-0.80%;-1.57%;-3.45%;-9.66%;-2.49%
2023-05-21;"8676";AC-APV;-0.77%;-1.55%;-3.44%;-9.62%;-2.50%
2023-05-22;"8676";AC-APV;-0.74%;-1.53%;-3.43%;-9.59%;-2.51%
2023-05-23;"8676";AC-APV;-0.72%;-1.52%;-3.43%;-9.56%;-2.51%
2023-05-24;"8676";AC-APV;-0.69%;-1.50%;-3.42%;-9.53%;-2.52%
2023-05-25;"8676";AC-APV;-0.66%;-1.48%;-3.41%;-9.50%;-2.53%
2023-05-26;"8676";AC-APV;-0.64%;-1.46%;-3.41%;-9.47%;-2.54%
2023-05-27;"8676";AC-APV;-0.61%;-1.44%;-3.40%;-9.43%;-2.55%
2023-05-28;"8676";AC-APV;-0.58%;-1.42%;-3.39%;-9.40%;-2.56%
2023-05-29;"8676";AC-APV;-0.56%;-1.43%;-3.39%;-9.37%;-2.57%
2023-05-30;"8676";AC-APV;-0.53%;-1.44%;-3.38%;-9.34%;-2.58%
2023-05-31;"8676";AC-APV;-0.54%;-1.45%;-3.39%;-9.31%;-2.59%
2023-06-01;"8676";AC-APV;-0.51%;-1.43%;-3.38%;-9.27%;-2.60%
2023-06-02;"8676";AC-APV;-0.49%;-1.41%;-3.38%;-9.24%;-2.61%
2023-06-03;"8676";AC-APV;-0.46%;-1.40%;-3.37%;-9.21%;-2.62%
2023-06-04;"8676";AC-APV;-0.43%;-1.38%;-3.36%;-9.18%;-2.63%
2023-06-05;"8676";AC-APV;-0.41%;-1.36%;-3.36%;-9.15%;-2.64%
2023-06-06;"8676";AC-APV;-0.38%;-1.34%;-3.35%;-9.11%;-2.65%
2023-06-07;"8676";AC-APV;-0.35%;-1.32%;-3.34%;-9.08%;-2.66%
2023-06-08;"8676";AC-APV;-0.33%;-1.30%;-3.33%;-9.05%;-2.67%
2023-06-09;"8676";AC-APV;-0.30%;-1.29%;-3.33%;-9.02%;-2.67%
2023-06-10;"8676";AC-APV;-0.29%;-1.29%;-3.30%;-8.99%;-2.68%
2023-06-11;"8676";AC-APV;-0.29%;-1.30%;-3.27%;-8.95%;-2.68%
2023-06-12;"8676";AC-APV;-0.28%;-1.30%;-3.24%;-8.92%;-2.68%
2023-06-13;"8676";AC-APV;-0.27%;-1.31%;-3.22%;-8.89%;-2.69%
2023-06-14;"8676";AC-APV;-0.27%;-1.32%;-3.19%;-8.85%;-2.69%
2023-06-15;"8676";AC-APV;-0.26%;-1.32%;-3.16%;-8.82%;-2.69%
2023-06-16;"8676";AC-APV;-0.25%;-1.33%;-3.13%;-8.79%;-2.70%
2023-06-17;"8676";AC-APV;-0.25%;-1.34%;-3.11%;-8.75%;-2.70%
2023-06-18;"8676";AC-APV;-0.24%;-1.34%;-3.08%;-8.72%;-2.70%
2023-06-19;"8676";AC-APV;-0.24%;-1.35%;-3.05%;-8.69%;-2.71%
2023-06-20;"8676";AC-APV;-0.23%;-1.36%;-3.02%;-8.65%;-2.71%
2023-06-21;"8676";AC-APV;-0.22%;-1.36%;-2.99%;-8.62%;-2.71%
2023-06-22;"8676";AC-APV;-0.22%;-1.37%;-2.97%;-8.59%;-2.72%
2023-06-23;"8676";AC-APV;-0.21%;-1.38%;-2.94%;-8.55%;-2.72%
2023-06-24;"8676";AC-APV;-0.20%;-1.38%;-2.91%;-8.52%;-2.72%
2023-06-25;"8676";AC-APV;-0.20%;-1.39%;-2.88%;-8.49%;-2.73%
2023-06-26;"8676";AC-APV;-0.19%;-1.40%;-2.85%;-8.45%;-2.73%
2023-06-27;"8676";AC-APV;-0.19%;-1.40%;-2.83%;-8.42%;-2.73%
2023-06-28;"8676";AC-APV;-0.18%;-1.41%;-2.80%;-8.39%;-2.74%
2023-06-29;"8676";AC-APV;-0.17%;-1.41%;-2.77%;-8.35%;-2.74%
2023-06-30;"8676";AC-APV;-0.17%;-1.42%;-2.74%;-8.32%;-2.74%
2023-07-01;"8676";AC-APV;-0.15%;-1.43%;-2.68%;-8.29%;-2.75%
2023-07-02;"8676";AC-APV;-0.14%;-1.44%;-2.66%;-8.25%;-2.75%
2023-07-03;"8676";AC-APV;-0.14%;-1.44%;-2.63%;-8.22%;-2.75%
2023-07-04;"8676";AC-APV;-0.13%;-1.45%;-2.60%;-8.19%;-2.76%
2023-07-05;"8676";AC-APV;-0.13%;-1.46%;-2.57%;-8.15%;-2.76%
2023-07-06;"8676";AC-APV;-0.12%;-1.46%;-2.54%;-8.12%;-2.76%
2023-07-07;"8676";AC-APV;-0.11%;-1.47%;-2.52%;-8.09%;-2.77%
2023-07-08;"8676";AC-APV;-0.11%;-1.48%;-2.49%;-8.05%;-2.77%
2023-07-09;"8676";AC-APV;-0.10%;-1.48%;-2.46%;-8.02%;-2.77%
2023-07-10;"8676";AC-APV;-0.09%;-1.44%;-2.44%;-7.99%;-2.77%
2023-07-11;"8676";AC-APV;-0.08%;-1.40%;-2.43%;-7.95%;-2.76%
2023-07-12;"8676";AC-APV;-0.07%;-1.36%;-2.41%;-7.92%;-2.75%
2023-07-13;"8676";AC-APV;-0.06%;-1.31%;-2.40%;-7.89%;-2.75%
2023-07-14;"8676";AC-APV;-0.05%;-1.27%;-2.38%;-7.86%;-2.74%
2023-07-15;"8676";AC-APV;-0.04%;-1.23%;-2.36%;-7.82%;-2.73%
2023-07-16;"8676";AC-APV;-0.03%;-1.19%;-2.35%;-7.79%;-2.73%
2023-07-17;"8676";AC-APV;-0.02%;-1.14%;-2.33%;-7.76%;-2.72%
2023-07-18;"8676";AC-APV;-0.01%;-1.10%;-2.32%;-7.73%;-2.72%
2023-07-19;"8676";AC-APV;"0.00%";-1.06%;-2.30%;-7.69%;-2.71%
2023-07-20;"8676";AC-APV;"0.01%";-1.02%;-2.29%;-7.66%;-2.70%
2023-07-21;"8676";AC-APV;"0.02%";-0.97%;-2.27%;-7.63%;-2.70%
2023-07-22;"8676";AC-APV;"0.03%";-0.93%;-2.25%;-7.60%;-2.69%
2023-07-23;"8676";AC-APV;"0.04%";-0.89%;-2.24%;-7.56%;-2.68%
2023-07-24;"8676";AC-APV;"0.05%";-0.85%;-2.22%;-7.53%;-2.68%
2023-07-25;"8676";AC-APV;"0.06%";-0.80%;-2.21%;-7.50%;-2.67%
2023-07-26;"8676";AC-APV;"0.07%";-0.76%;-2.19%;-7.46%;-2.66%
2023-07-27;"8676";AC-APV;"0.08%";-0.72%;-2.18%;-7.43%;-2.66%
2023-07-28;"8676";AC-APV;"0.09%";-0.68%;-2.16%;-7.40%;-2.65%
2023-07-29;"8676";AC-APV;"0.10%";-0.63%;-2.14%;-7.37%;-2.65%
2023-07-30;"8676";AC-APV;"0.11%";-0.59%;-2.13%;-7.33%;-2.64%
2023-07-31;"8676";AC-APV;"0.11%";-0.58%;-2.11%;-7.30%;-2.63%
2023-01-31;"8806";I-APV;-0.18%;"3.48%";-1.54%;"2.28%";-0.18%
2023-02-01;"8806";I-APV;-0.17%;"3.49%";-1.50%;"1.99%";-0.16%
2023-02-02;"8806";I-APV;"0.11%";"3.83%";-1.29%;"2.19%";"0.11%"
2023-02-03;"8806";I-APV;"0.10%";"3.66%";-1.21%;"2.13%";"0.03%"
2023-02-04;"8806";I-APV;"0.05%";"3.52%";-1.22%;"2.09%";"0.04%"
2023-02-05;"8806";I-APV;"0.11%";"3.52%";-0.93%;"2.09%";"0.05%"
2023-02-06;"8806";I-APV;-0.22%;"3.18%";-1.25%;"1.76%";-0.27%
2023-02-07;"8806";I-APV;-0.29%;"2.88%";-1.32%;"1.72%";-0.34%
2023-02-08;"8806";I-APV;-0.40%;"2.47%";-1.50%;"1.33%";-0.45%
2023-02-09;"8806";I-APV;-0.61%;"1.67%";-1.48%;"1.37%";-0.53%
2023-02-10;"8806";I-APV;-0.85%;"0.99%";-1.72%;"1.20%";-0.71%
2023-02-11;"8806";I-APV;-1.11%;"0.84%";-1.58%;"1.50%";-0.70%
2023-02-12;"8806";I-APV;-1.33%;"0.84%";-1.46%;"1.51%";-0.69%
2023-02-13;"8806";I-APV;-1.33%;"0.73%";-1.55%;"1.40%";-0.79%
2023-02-14;"8806";I-APV;-1.47%;"0.39%";-1.68%;"1.06%";-0.92%
2023-02-15;"8806";I-APV;-1.66%;-0.59%;-1.87%;"0.98%";-1.10%
2023-02-16;"8806";I-APV;-1.64%;-0.80%;-1.68%;"1.10%";-1.14%
2023-02-17;"8806";I-APV;-1.58%;-0.37%;-1.27%;"1.10%";-1.08%
2023-02-18;"8806";I-APV;-1.62%;-0.19%;-0.93%;"1.09%";-1.07%
2023-02-19;"8806";I-APV;-1.53%;-0.19%;-0.66%;"1.09%";-1.06%
2023-02-20;"8806";I-APV;-1.40%;-0.15%;-0.61%;"1.13%";-1.01%
2023-02-21;"8806";I-APV;-1.64%;-0.42%;-0.85%;"0.95%";-1.25%
2023-02-22;"8806";I-APV;-1.67%;-0.52%;-0.50%;"0.89%";-1.27%
2023-02-23;"8806";I-APV;-1.64%;-0.12%;-0.39%;"0.76%";-1.23%
2023-02-24;"8806";I-APV;-1.52%;-0.04%;-0.43%;"0.58%";-1.12%
2023-02-25;"8806";I-APV;-1.48%;"0.04%";-0.43%;"0.60%";-1.11%
2023-02-26;"8806";I-APV;-1.50%;"0.04%";-0.65%;"0.60%";-1.10%
2023-02-27;"8806";I-APV;-1.38%;"0.12%";-0.56%;"0.69%";-1.02%
2023-02-28;"8806";I-APV;-1.40%;"0.16%";-0.57%;"0.63%";-1.02%
2023-03-01;"8806";I-APV;-1.09%;-0.55%;-0.85%;-0.01%;-1.25%
2023-03-02;"8806";I-APV;-1.50%;-0.93%;-1.45%;-0.23%;-1.39%
2023-03-03;"8806";I-APV;-1.43%;-0.95%;-1.46%;-0.21%;-1.40%
2023-03-04;"8806";I-APV;-1.43%;-0.95%;-1.46%;-0.33%;-1.39%
2023-03-05;"8806";I-APV;-1.43%;-1.00%;-1.78%;-0.33%;-1.39%
2023-03-06;"8806";I-APV;-1.18%;-1.14%;-1.66%;-0.40%;-1.45%
2023-03-07;"8806";I-APV;-1.03%;-1.07%;-1.11%;-0.71%;-1.37%
2023-03-08;"8806";I-APV;-1.08%;-1.23%;-1.04%;-0.80%;-1.52%
2023-03-09;"8806";I-APV;-1.17%;-1.44%;-0.99%;-1.20%;-1.69%
2023-03-10;"8806";I-APV;-0.66%;-1.12%;-0.67%;-1.14%;-1.36%
2023-03-11;"8806";I-APV;-0.66%;-1.11%;-0.66%;-1.07%;-1.35%
2023-03-12;"8806";I-APV;-0.65%;-1.12%;-0.52%;-1.06%;-1.34%
2023-03-13;"8806";I-APV;"0.30%";-0.44%;"0.26%";-0.21%;-0.49%
2023-03-14;"8806";I-APV;"0.33%";-0.47%;"0.07%";-0.23%;-0.59%
2023-03-15;"8806";I-APV;"0.77%";-0.07%;"0.36%";"0.36%";-0.34%
2023-03-16;"8806";I-APV;"0.76%";-0.02%;"0.31%";"0.42%";-0.39%
2023-03-17;"8806";I-APV;"0.91%";"0.18%";"0.51%";"0.78%";-0.18%
2023-03-18;"8806";I-APV;"0.91%";"0.19%";"0.52%";"0.91%";-0.17%
2023-03-19;"8806";I-APV;"0.92%";"0.44%";"0.53%";"0.92%";-0.15%
2023-03-20;"8806";I-APV;"1.00%";"0.71%";"0.60%";"1.04%";-0.03%
2023-03-21;"8806";I-APV;"1.23%";"0.85%";"0.94%";"1.07%";-0.03%
2023-03-22;"8806";I-APV;"1.13%";"0.71%";"1.18%";"1.10%";-0.15%
2023-03-23;"8806";I-APV;"1.33%";"0.99%";"1.79%";"1.31%";"0.08%"
2023-03-24;"8806";I-APV;"1.41%";"1.18%";"1.98%";"1.51%";"0.28%"
2023-03-25;"8806";I-APV;"1.41%";"1.19%";"1.98%";"1.56%";"0.29%"
2023-03-26;"8806";I-APV;"1.42%";"1.24%";"2.54%";"1.56%";"0.30%"
2023-03-27;"8806";I-APV;"1.06%";"0.89%";"2.81%";"1.28%";"0.03%"
2023-03-28;"8806";I-APV;"1.27%";"0.99%";"3.35%";"1.63%";"0.24%"
2023-03-29;"8806";I-APV;"1.34%";"0.98%";"3.59%";"1.58%";"0.31%"
2023-03-30;"8806";I-APV;"1.65%";"0.61%";"3.61%";"1.68%";"0.61%"
2023-03-31;"8806";I-APV;"1.75%";"0.71%";"3.71%";"1.23%";"0.71%"
2023-04-01;"8806";I-APV;"2.00%";"0.72%";"3.72%";"1.04%";"0.72%"
2023-04-02;"8806";I-APV;"2.16%";"0.73%";"3.73%";"1.04%";"0.73%"
2023-04-03;"8806";I-APV;"2.34%";"0.98%";"3.89%";"1.21%";"0.91%"
2023-04-04;"8806";I-APV;"2.22%";"0.81%";"3.95%";"0.87%";"0.80%"
2023-04-05;"8806";I-APV;"2.04%";"0.69%";"4.10%";"0.58%";"0.63%"
2023-04-06;"8806";I-APV;"2.49%";"1.05%";"4.86%";"0.99%";"1.00%"
2023-04-07;"8806";I-APV;"2.41%";"1.06%";"4.78%";"1.03%";"1.01%"
2023-04-08;"8806";I-APV;"2.58%";"1.07%";"4.79%";"0.61%";"1.02%"
2023-04-09;"8806";I-APV;"2.77%";"0.95%";"4.79%";"0.61%";"1.03%"
2023-04-10;"8806";I-APV;"2.14%";"0.60%";"4.48%";"0.33%";"0.75%"
2023-04-11;"8806";I-APV;"1.86%";"0.07%";"4.09%";-0.09%;"0.49%"
2023-04-12;"8806";I-APV;"1.69%";-0.32%;"3.99%";-0.17%;"0.33%"
2023-04-13;"8806";I-APV;"0.61%";-0.43%;"4.30%";-0.69%;"0.12%"
2023-04-14;"8806";I-APV;"0.71%";-0.45%;"4.14%";-0.98%;"0.11%"
2023-04-15;"8806";I-APV;"0.46%";-0.45%;"4.14%";-0.97%;"0.12%"
2023-04-16;"8806";I-APV;"0.51%";-0.38%;"4.14%";-0.96%;"0.12%"
2023-04-17;"8806";I-APV;"0.01%";-0.68%;"3.49%";-1.25%;-0.17%
2023-04-18;"8806";I-APV;-0.09%;-0.81%;"3.51%";-1.21%;-0.26%
2023-04-19;"8806";I-APV;-0.36%;-0.98%;"3.37%";-1.59%;-0.51%
2023-04-20;"8806";I-APV;-0.56%;-0.98%;"3.42%";-1.57%;-0.59%
2023-04-21;"8806";I-APV;-0.65%;-1.08%;"3.21%";-1.42%;-0.68%
2023-04-22;"8806";I-APV;-0.52%;-1.08%;"3.21%";-1.43%;-0.67%
2023-04-23;"8806";I-APV;-0.74%;-1.07%;"3.21%";-1.42%;-0.66%
2023-04-24;"8806";I-APV;-1.21%;-1.35%;"2.93%";-1.69%;-0.94%
2023-04-25;"8806";I-APV;-1.12%;-1.21%;"3.01%";-1.57%;-0.83%
2023-04-26;"8806";I-APV;-1.23%;-1.34%;"2.85%";-1.51%;-0.94%
2023-04-27;"8806";I-APV;-0.98%;-1.32%;"2.73%";-1.57%;-0.95%
2023-04-28;"8806";I-APV;-1.09%;-1.23%;"2.81%";-1.53%;-0.85%
2023-04-29;"8806";I-APV;-1.14%;-1.22%;"2.81%";-1.44%;-0.84%
2023-04-30;"8806";I-APV;-1.43%;-1.04%;"2.82%";-1.43%;-0.83%
2023-05-01;"8806";I-APV;-1.52%;-0.65%;"2.81%";-1.42%;-0.81%
2023-05-02;"8806";I-APV;-1.69%;-1.08%;"2.71%";-1.38%;-0.97%
2023-05-03;"8806";I-APV;-1.72%;-0.86%;"2.77%";-1.20%;-0.83%
2023-05-04;"8806";I-APV;-1.67%;-0.93%;"2.56%";-1.21%;-0.89%
2023-05-05;"8806";I-APV;-1.69%;-1.12%;"2.35%";-1.21%;-1.07%
2023-05-06;"8806";I-APV;-2.05%;-0.80%;"2.36%";-0.96%;-1.06%
2023-05-07;"8806";I-APV;-2.05%;-0.72%;"2.15%";-0.95%;-1.05%
2023-05-08;"8806";I-APV;-2.19%;-0.75%;"1.71%";-1.09%;-1.19%
2023-05-09;"8806";I-APV;-2.33%;-0.79%;"0.87%";-0.71%;-1.32%
2023-05-10;"8806";I-APV;-1.93%;-0.50%;"0.49%";-0.56%;-1.20%
2023-05-11;"8806";I-APV;-1.80%;-0.63%;"0.21%";-0.87%;-1.32%
2023-05-12;"8806";I-APV;-1.71%;-0.70%;"0.14%";-1.05%;-1.39%
2023-05-13;"8806";I-APV;-1.49%;-0.59%;"0.14%";-1.13%;-1.37%
2023-05-14;"8806";I-APV;-1.47%;-0.45%;-0.06%;-1.13%;-1.36%
2023-05-15;"8806";I-APV;-1.76%;-0.55%;-1.13%;-1.41%;-1.65%
2023-05-16;"8806";I-APV;-1.79%;-0.54%;-1.34%;-1.56%;-1.67%
2023-05-17;"8806";I-APV;-1.40%;-0.50%;-0.87%;-1.60%;-1.57%
2023-05-18;"8806";I-APV;-1.53%;-0.72%;-0.91%;-1.80%;-1.79%
2023-05-19;"8806";I-APV;-1.39%;-0.84%;-1.02%;-2.08%;-1.89%
2023-05-20;"8806";I-APV;-1.29%;-0.87%;-1.02%;-2.16%;-1.88%
2023-05-21;"8806";I-APV;-1.19%;-0.63%;-1.05%;-2.15%;-1.87%
2023-05-22;"8806";I-APV;-1.34%;-0.74%;-1.26%;-2.29%;-2.00%
2023-05-23;"8806";I-APV;-1.60%;-1.03%;-1.15%;-2.64%;-2.25%
2023-05-24;"8806";I-APV;-1.24%;-1.06%;-1.10%;-2.72%;-2.17%
2023-05-25;"8806";I-APV;-1.56%;-1.29%;-1.25%;-2.89%;-2.38%
2023-05-26;"8806";I-APV;-1.70%;-1.54%;-1.50%;-3.00%;-2.62%
2023-05-27;"8806";I-APV;-1.68%;-1.61%;-1.50%;-3.02%;-2.61%
2023-05-28;"8806";I-APV;-1.76%;-1.59%;-1.44%;-3.01%;-2.60%
2023-05-29;"8806";I-APV;-1.61%;-1.42%;-1.49%;-2.85%;-2.43%
2023-05-30;"8806";I-APV;-1.67%;-1.48%;-1.49%;-2.82%;-2.48%
2023-05-31;"8806";I-APV;-1.47%;-1.27%;-1.29%;-2.73%;-2.28%
2023-06-01;"8806";I-APV;-1.40%;-0.96%;-1.50%;-2.67%;-2.20%
2023-06-02;"8806";I-APV;-1.21%;-0.78%;-1.71%;-2.64%;-2.16%
2023-06-03;"8806";I-APV;-1.33%;-0.76%;-1.70%;-2.62%;-2.15%
2023-06-04;"8806";I-APV;-1.26%;-0.75%;-1.70%;-2.61%;-2.14%
2023-06-05;"8806";I-APV;-0.91%;-0.60%;-1.59%;-2.46%;-1.98%
2023-06-06;"8806";I-APV;-0.94%;-0.56%;-1.69%;-2.42%;-2.00%
2023-06-07;"8806";I-APV;-0.79%;-0.47%;-1.54%;-2.14%;-1.83%
2023-06-08;"8806";I-APV;-0.76%;-0.43%;-1.66%;-2.10%;-1.94%
2023-06-09;"8806";I-APV;-0.51%;-0.12%;-1.56%;-1.81%;-1.81%
2023-06-10;"8806";I-APV;-0.61%;-0.44%;-1.56%;-1.79%;-1.80%
2023-06-11;"8806";I-APV;-0.47%;-0.44%;-1.55%;-1.78%;-1.79%
2023-06-12;"8806";I-APV;-0.41%;-0.45%;-1.57%;-1.78%;-1.79%
2023-06-13;"8806";I-APV;-0.36%;-1.24%;-1.68%;-1.50%;-1.73%
2023-06-14;"8806";I-APV;-0.28%;-1.05%;-1.51%;-1.30%;-1.64%
2023-06-15;"8806";I-APV;"0.17%";-1.14%;-1.21%;-1.41%;-1.48%
2023-06-16;"8806";I-APV;"0.39%";-0.90%;-0.92%;-1.40%;-1.28%
2023-06-17;"8806";I-APV;"0.30%";-1.09%;-0.91%;-1.45%;-1.27%
2023-06-18;"8806";I-APV;"0.54%";-1.09%;-0.91%;-1.44%;-1.26%
2023-06-19;"8806";I-APV;"0.76%";-0.99%;-0.55%;-1.33%;-1.15%
2023-06-20;"8806";I-APV;"1.10%";-0.77%;-0.07%;-1.17%;-0.80%
2023-06-21;"8806";I-APV;"1.10%";-0.76%;"0.09%";-1.16%;-0.79%
2023-06-22;"8806";I-APV;"1.22%";-0.65%;"0.05%";-1.34%;-0.81%
2023-06-23;"8806";I-APV;"1.59%";-0.78%;"0.20%";-1.41%;-0.70%
2023-06-24;"8806";I-APV;"1.51%";-0.96%;"0.21%";-1.30%;-0.69%
2023-06-25;"8806";I-APV;"1.75%";-0.96%;"0.22%";-1.28%;-0.67%
2023-06-26;"8806";I-APV;"2.02%";-0.96%;"0.27%";-1.27%;-0.66%
2023-06-27;"8806";I-APV;"1.98%";-0.71%;"0.17%";-1.29%;-0.68%
2023-06-28;"8806";I-APV;"1.91%";-0.98%;"0.00%";-1.21%;-0.74%
2023-06-29;"8806";I-APV;"1.70%";-1.08%;-0.11%;-1.20%;-0.77%
2023-06-30;"8806";I-APV;"1.80%";-1.33%;-0.73%;-1.33%;-0.73%
2023-07-01;"8806";I-APV;"1.51%";-1.43%;-0.72%;-1.39%;-0.72%
2023-07-02;"8806";I-APV;"1.49%";-1.43%;-0.71%;-1.38%;-0.70%
2023-07-03;"8806";I-APV;"1.63%";-1.45%;-0.48%;-1.23%;-0.55%
2023-07-04;"8806";I-APV;"1.62%";-1.34%;-0.54%;-1.21%;-0.55%
2023-07-05;"8806";I-APV;"1.25%";-1.37%;-0.69%;-1.66%;-0.75%
2023-07-06;"8806";I-APV;"1.15%";-1.85%;-0.82%;-1.79%;-0.87%
2023-07-07;"8806";I-APV;"0.69%";-2.14%;-1.11%;-2.12%;-1.15%
2023-07-08;"8806";I-APV;"0.82%";-2.14%;-1.10%;-1.87%;-1.14%
2023-07-09;"8806";I-APV;"0.70%";-2.14%;-1.21%;-1.86%;-1.13%
2023-07-10;"8806";I-APV;"0.59%";-1.95%;-1.37%;-1.95%;-1.22%
2023-07-11;"8806";I-APV;"0.34%";-1.93%;-1.87%;-2.29%;-1.46%
2023-07-12;"8806";I-APV;"0.14%";-1.97%;-2.28%;-2.47%;-1.65%
2023-07-13;"8806";I-APV;"0.41%";-1.45%;-1.87%;-2.29%;-1.33%
2023-07-14;"8806";I-APV;"0.27%";-1.48%;-1.92%;-2.30%;-1.37%
2023-07-15;"8806";I-APV;"0.13%";-1.47%;-1.91%;-2.22%;-1.35%
2023-07-16;"8806";I-APV;-0.06%;-1.46%;-1.83%;-2.21%;-1.34%
2023-07-17;"8806";I-APV;"0.27%";-0.83%;-1.51%;-1.88%;-1.00%
2023-07-18;"8806";I-APV;"0.24%";-0.77%;-1.57%;-2.23%;-1.02%
2023-07-19;"8806";I-APV;"0.13%";-0.51%;-1.48%;-2.19%;-1.01%
2023-07-20;"8806";I-APV;-0.32%;-0.53%;-1.50%;-2.26%;-1.11%
2023-07-21;"8806";I-APV;-0.45%;-0.56%;-1.63%;-2.35%;-1.23%
2023-07-22;"8806";I-APV;-0.42%;-0.55%;-1.62%;-2.38%;-1.22%
2023-07-23;"8806";I-APV;-0.51%;-0.55%;-1.61%;-2.37%;-1.20%
2023-07-24;"8806";I-APV;-0.55%;-0.30%;-1.64%;-2.41%;-1.24%
2023-07-25;"8806";I-APV;-0.50%;-0.34%;-1.54%;-2.42%;-1.17%
2023-07-26;"8806";I-APV;-0.58%;-0.30%;-1.63%;-2.49%;-1.23%
2023-07-27;"8806";I-APV;-0.45%;-0.18%;-1.50%;-2.16%;-1.13%
2023-07-28;"8806";I-APV;-0.21%;-0.10%;-1.33%;-2.16%;-0.95%
2023-07-29;"8806";I-APV;-0.17%;-0.10%;-1.32%;-2.28%;-0.94%
2023-07-30;"8806";I-APV;-0.20%;-0.10%;-1.13%;-2.27%;-0.92%
2023-07-31;"8806";I-APV;"0.21%";"0.31%";-0.34%;-1.87%;-0.52%
2023-01-31;"9074";APV;-0.24%;"2.30%";-2.94%;-0.18%;-0.24%
2023-02-01;"9074";APV;-0.21%;"2.33%";-2.89%;-0.35%;-0.21%
2023-02-02;"9074";APV;-0.01%;"2.48%";-2.85%;-0.13%;-0.01%
2023-02-03;"9074";APV;-0.07%;"2.32%";-2.78%;-0.23%;-0.12%
2023-02-04;"9074";APV;-0.05%;"2.18%";-2.76%;-0.28%;-0.12%
2023-02-05;"9074";APV;"0.09%";"2.18%";-2.49%;-0.28%;-0.11%
2023-02-06;"9074";APV;-0.26%;"1.84%";-2.81%;-0.61%;-0.44%
2023-02-07;"9074";APV;-0.27%;"1.64%";-2.83%;-0.57%;-0.45%
2023-02-08;"9074";APV;-0.25%;"1.26%";-2.88%;-0.83%;-0.44%
2023-02-09;"9074";APV;-0.34%;"0.57%";-2.88%;-0.77%;-0.50%
2023-02-10;"9074";APV;-0.69%;-0.12%;-3.18%;-0.92%;-0.70%
2023-02-11;"9074";APV;-0.93%;-0.26%;-3.03%;-0.69%;-0.69%
2023-02-12;"9074";APV;-1.19%;-0.27%;-2.85%;-0.69%;-0.69%
2023-02-13;"9074";APV;-1.18%;-0.39%;-2.98%;-0.81%;-0.81%
2023-02-14;"9074";APV;-1.21%;-0.46%;-3.00%;-1.02%;-0.84%
2023-02-15;"9074";APV;-1.29%;-1.32%;-3.08%;-0.88%;-0.91%
2023-02-16;"9074";APV;-1.19%;-1.40%;-2.66%;-0.68%;-0.86%
2023-02-17;"9074";APV;-1.20%;-0.97%;-2.24%;-0.63%;-0.82%
2023-02-18;"9074";APV;-1.19%;-0.93%;-1.83%;-0.65%;-0.82%
2023-02-19;"9074";APV;-1.12%;-0.93%;-1.52%;-0.65%;-0.82%
2023-02-20;"9074";APV;-0.87%;-0.84%;-1.43%;-0.56%;-0.73%
2023-02-21;"9074";APV;-1.13%;-1.44%;-1.68%;-0.75%;-0.97%
2023-02-22;"9074";APV;-1.13%;-1.48%;-1.25%;-0.76%;-0.97%
2023-02-23;"9074";APV;-1.30%;-1.31%;-1.15%;-1.01%;-0.98%
2023-02-24;"9074";APV;-1.25%;-1.30%;-1.16%;-1.21%;-0.94%
2023-02-25;"9074";APV;-1.19%;-1.16%;-1.08%;-1.20%;-0.93%
2023-02-26;"9074";APV;-1.20%;-1.16%;-1.28%;-1.20%;-0.93%
2023-02-27;"9074";APV;-1.10%;-1.11%;-1.23%;-1.15%;-0.87%
2023-02-28;"9074";APV;-1.07%;-0.99%;-1.20%;-1.12%;-0.84%
2023-03-01;"9074";APV;-0.78%;-1.47%;-1.37%;-1.66%;-0.99%
2023-03-02;"9074";APV;-1.17%;-1.92%;-1.96%;-1.94%;-1.18%
2023-03-03;"9074";APV;-1.05%;-1.91%;-1.95%;-1.93%;-1.17%
2023-03-04;"9074";APV;-1.06%;-1.91%;-1.95%;-2.09%;-1.17%
2023-03-05;"9074";APV;-1.06%;-1.91%;-2.26%;-2.09%;-1.17%
2023-03-06;"9074";APV;-0.77%;-1.78%;-2.07%;-2.13%;-1.21%
2023-03-07;"9074";APV;-0.69%;-1.53%;-1.54%;-2.44%;-1.14%
2023-03-08;"9074";APV;-0.80%;-1.62%;-1.53%;-2.41%;-1.23%
2023-03-09;"9074";APV;-0.88%;-1.86%;-1.50%;-2.69%;-1.37%
2023-03-10;"9074";APV;-0.41%;-1.59%;-1.24%;-2.83%;-1.11%
2023-03-11;"9074";APV;-0.41%;-1.58%;-1.24%;-2.75%;-1.10%
2023-03-12;"9074";APV;-0.40%;-1.49%;-1.15%;-2.74%;-1.09%
2023-03-13;"9074";APV;"0.34%";-1.05%;-0.62%;-2.14%;-0.47%
2023-03-14;"9074";APV;"0.25%";-1.21%;-0.79%;-2.15%;-0.59%
2023-03-15;"9074";APV;"0.57%";-0.81%;-0.46%;-1.50%;-0.34%
2023-03-16;"9074";APV;"0.53%";-0.62%;-0.46%;-1.38%;-0.34%
2023-03-17;"9074";APV;"0.61%";-0.50%;-0.34%;-1.11%;-0.22%
2023-03-18;"9074";APV;"0.62%";-0.49%;-0.33%;-1.02%;-0.21%
2023-03-19;"9074";APV;"0.62%";-0.23%;-0.33%;-1.01%;-0.20%
2023-03-20;"9074";APV;"0.63%";-0.10%;-0.28%;-0.92%;-0.10%
2023-03-21;"9074";APV;"0.83%";"0.01%";-0.08%;-0.95%;-0.15%
2023-03-22;"9074";APV;"0.78%";-0.02%;"0.36%";-0.91%;-0.20%
2023-03-23;"9074";APV;"1.00%";"0.21%";"0.68%";-0.73%;"0.01%"
2023-03-24;"9074";APV;"1.16%";"0.41%";"0.89%";-0.53%;"0.22%"
2023-03-25;"9074";APV;"1.17%";"0.42%";"0.89%";-0.49%;"0.23%"
2023-03-26;"9074";APV;"1.18%";"0.56%";"1.51%";-0.48%;"0.24%"
2023-03-27;"9074";APV;"0.90%";"0.22%";"1.93%";-0.71%;"0.01%"
2023-03-28;"9074";APV;"1.04%";"0.30%";"2.48%";-0.44%;"0.19%"
2023-03-29;"9074";APV;"1.04%";"0.26%";"2.65%";-0.63%;"0.20%"
2023-03-30;"9074";APV;"1.28%";"0.44%";"2.87%";-0.53%;"0.44%"
2023-03-31;"9074";APV;"1.34%";"0.49%";"2.93%";-0.99%;"0.49%"
2023-04-01;"9074";APV;"1.51%";"0.50%";"2.93%";-1.24%;"0.50%"
2023-04-02;"9074";APV;"1.72%";"0.51%";"2.94%";-1.23%;"0.51%"
2023-04-03;"9074";APV;"1.91%";"0.77%";"3.18%";-1.04%;"0.71%"
2023-04-04;"9074";APV;"1.77%";"0.64%";"3.26%";-1.41%;"0.58%"
2023-04-05;"9074";APV;"1.61%";"0.62%";"3.38%";-1.67%;"0.42%"
2023-04-06;"9074";APV;"1.87%";"0.83%";"4.04%";-1.42%;"0.64%"
2023-04-07;"9074";APV;"1.81%";"0.84%";"4.07%";-1.39%;"0.65%"
2023-04-08;"9074";APV;"1.92%";"0.84%";"4.08%";-1.82%;"0.66%"
2023-04-09;"9074";APV;"2.07%";"0.83%";"4.08%";-1.82%;"0.67%"
2023-04-10;"9074";APV;"1.57%";"0.46%";"3.85%";-2.03%;"0.45%"
2023-04-11;"9074";APV;"1.33%";-0.02%;"3.41%";-2.39%;"0.22%"
2023-04-12;"9074";APV;"1.19%";-0.41%;"3.27%";-2.48%;"0.09%"
2023-04-13;"9074";APV;"0.58%";-0.27%;"3.14%";-2.80%;"0.10%"
2023-04-14;"9074";APV;"0.63%";-0.35%;"2.81%";-3.18%;"0.03%"
2023-04-15;"9074";APV;"0.38%";-0.35%;"2.81%";-3.18%;"0.03%"
2023-04-16;"9074";APV;"0.37%";-0.30%;"2.80%";-3.18%;"0.03%"
2023-04-17;"9074";APV;"0.02%";-0.58%;"2.29%";-3.40%;-0.20%
2023-04-18;"9074";APV;-0.11%;-0.69%;"2.19%";-3.43%;-0.32%
2023-04-19;"9074";APV;-0.36%;-0.86%;"2.12%";-3.75%;-0.56%
2023-04-20;"9074";APV;-0.46%;-0.71%;"2.29%";-3.62%;-0.56%
2023-04-21;"9074";APV;-0.54%;-0.84%;"2.05%";-3.54%;-0.69%
2023-04-22;"9074";APV;-0.49%;-0.85%;"2.04%";-3.60%;-0.69%
2023-04-23;"9074";APV;-0.70%;-1.01%;"2.04%";-3.61%;-0.69%
2023-04-24;"9074";APV;-1.07%;-1.17%;"1.95%";-3.76%;-0.85%
2023-04-25;"9074";APV;-0.92%;-0.96%;"2.01%";-3.65%;-0.70%
2023-04-26;"9074";APV;-1.00%;-1.03%;"1.86%";-3.60%;-0.76%
2023-04-27;"9074";APV;-0.92%;-1.13%;"1.65%";-3.81%;-0.91%
2023-04-28;"9074";APV;-1.02%;-1.07%;"1.71%";-3.72%;-0.83%
2023-04-29;"9074";APV;-1.03%;-1.07%;"1.70%";-3.55%;-0.83%
2023-04-30;"9074";APV;-1.26%;-0.92%;"1.70%";-3.55%;-0.83%
2023-05-01;"9074";APV;-1.33%;-0.62%;"1.69%";-3.55%;-0.83%
2023-05-02;"9074";APV;-1.35%;-0.83%;"1.63%";-3.33%;-0.84%
2023-05-03;"9074";APV;-1.44%;-0.61%;"1.69%";-3.17%;-0.73%
2023-05-04;"9074";APV;-1.39%;-0.70%;"1.46%";-3.12%;-0.81%
2023-05-05;"9074";APV;-1.38%;-0.86%;"1.30%";-3.04%;-0.96%
2023-05-06;"9074";APV;-1.60%;-0.53%;"1.30%";-2.78%;-0.96%
2023-05-07;"9074";APV;-1.61%;-0.52%;"1.11%";-2.78%;-0.97%
2023-05-08;"9074";APV;-1.79%;-0.71%;"0.54%";-2.96%;-1.14%
2023-05-09;"9074";APV;-2.03%;-0.88%;-0.31%;-2.76%;-1.37%
2023-05-10;"9074";APV;-1.70%;-0.57%;-0.69%;-2.68%;-1.26%
2023-05-11;"9074";APV;-1.49%;-0.59%;-0.85%;-2.84%;-1.28%
2023-05-12;"9074";APV;-1.51%;-0.74%;-1.00%;-3.06%;-1.42%
2023-05-13;"9074";APV;-1.52%;-0.61%;-1.00%;-3.10%;-1.41%
2023-05-14;"9074";APV;-1.44%;-0.57%;-1.03%;-3.10%;-1.41%
2023-05-15;"9074";APV;-1.68%;-0.74%;-2.05%;-3.33%;-1.65%
2023-05-16;"9074";APV;-1.66%;-0.77%;-2.17%;-3.36%;-1.63%
2023-05-17;"9074";APV;-1.29%;-0.67%;-1.63%;-3.33%;-1.49%
2023-05-18;"9074";APV;-1.35%;-0.85%;-1.77%;-3.48%;-1.67%
2023-05-19;"9074";APV;-1.25%;-1.00%;-1.91%;-3.77%;-1.81%
2023-05-20;"9074";APV;-1.25%;-1.08%;-1.91%;-3.80%;-1.80%
2023-05-21;"9074";APV;-1.11%;-0.82%;-2.25%;-3.79%;-1.79%
2023-05-22;"9074";APV;-1.24%;-0.96%;-2.42%;-3.92%;-1.92%
2023-05-23;"9074";APV;-1.48%;-1.19%;-2.48%;-4.21%;-2.16%
2023-05-24;"9074";APV;-1.13%;-1.05%;-2.33%;-4.16%;-1.97%
2023-05-25;"9074";APV;-1.48%;-1.25%;-2.40%;-4.33%;-2.17%
2023-05-26;"9074";APV;-1.56%;-1.39%;-2.54%;-4.31%;-2.31%
2023-05-27;"9074";APV;-1.41%;-1.44%;-2.53%;-4.33%;-2.30%
2023-05-28;"9074";APV;-1.47%;-1.47%;-2.44%;-4.32%;-2.29%
2023-05-29;"9074";APV;-1.29%;-1.28%;-2.27%;-4.14%;-2.11%
2023-05-30;"9074";APV;-1.30%;-1.29%;-2.19%;-3.99%;-2.12%
2023-05-31;"9074";APV;-1.09%;-1.08%;-1.98%;-3.81%;-1.91%
2023-06-01;"9074";APV;-0.97%;-0.81%;-2.26%;-3.76%;-1.79%
2023-06-02;"9074";APV;-0.91%;-0.56%;-2.47%;-3.70%;-1.74%
2023-06-03;"9074";APV;-1.01%;-0.56%;-2.47%;-3.64%;-1.73%
2023-06-04;"9074";APV;-0.92%;-0.56%;-2.46%;-3.64%;-1.72%
2023-06-05;"9074";APV;-0.54%;-0.34%;-2.24%;-3.42%;-1.50%
2023-06-06;"9074";APV;-0.52%;-0.28%;-2.06%;-3.36%;-1.48%
2023-06-07;"9074";APV;-0.43%;-0.26%;-1.78%;-3.11%;-1.40%
2023-06-08;"9074";APV;-0.36%;-0.26%;-1.88%;-2.98%;-1.49%
2023-06-09;"9074";APV;"0.01%";"0.01%";-1.85%;-2.74%;-1.36%
2023-06-10;"9074";APV;-0.10%;-0.25%;-1.84%;-2.76%;-1.35%
2023-06-11;"9074";APV;-0.07%;-0.25%;-1.83%;-2.75%;-1.35%
2023-06-12;"9074";APV;"0.05%";-0.29%;-1.77%;-2.78%;-1.37%
2023-06-13;"9074";APV;"0.13%";-0.81%;-1.86%;-2.46%;-1.29%
2023-06-14;"9074";APV;"0.17%";-0.65%;-1.85%;-2.35%;-1.24%
2023-06-15;"9074";APV;"0.62%";-0.70%;-1.50%;-2.37%;-1.04%
2023-06-16;"9074";APV;"0.75%";-0.56%;-1.17%;-2.38%;-0.90%
2023-06-17;"9074";APV;"0.61%";-0.67%;-1.16%;-2.42%;-0.89%
2023-06-18;"9074";APV;"0.80%";-0.67%;-1.15%;-2.41%;-0.88%
2023-06-19;"9074";APV;"1.04%";-0.59%;-0.82%;-2.32%;-0.79%
2023-06-20;"9074";APV;"1.35%";-0.37%;-0.47%;-2.19%;-0.47%
2023-06-21;"9074";APV;"1.35%";-0.32%;-0.30%;-2.19%;-0.46%
2023-06-22;"9074";APV;"1.38%";-0.36%;-0.39%;-2.40%;-0.56%
2023-06-23;"9074";APV;"1.60%";-0.60%;-0.39%;-2.55%;-0.59%
2023-06-24;"9074";APV;"1.42%";-0.79%;-0.38%;-2.46%;-0.58%
2023-06-25;"9074";APV;"1.64%";-0.79%;-0.37%;-2.45%;-0.57%
2023-06-26;"9074";APV;"1.79%";-0.79%;-0.24%;-2.44%;-0.56%
2023-06-27;"9074";APV;"1.86%";-0.50%;-0.28%;-2.37%;-0.48%
2023-06-28;"9074";APV;"1.77%";-0.75%;-0.45%;-2.37%;-0.56%
2023-06-29;"9074";APV;"1.58%";-0.75%;-0.50%;-2.36%;-0.56%
2023-06-30;"9074";APV;"1.56%";-1.03%;-0.59%;-2.54%;-0.59%
2023-07-01;"9074";APV;"1.23%";-1.08%;-0.59%;-2.64%;-0.59%
2023-07-02;"9074";APV;"1.18%";-1.08%;-0.58%;-2.64%;-0.58%
2023-07-03;"9074";APV;"1.36%";-1.11%;-0.35%;-2.47%;-0.40%
2023-07-04;"9074";APV;"1.28%";-1.04%;-0.40%;-2.50%;-0.46%
2023-07-05;"9074";APV;"0.94%";-1.00%;-0.38%;-2.81%;-0.58%
2023-07-06;"9074";APV;"0.71%";-1.41%;-0.60%;-3.03%;-0.78%
2023-07-07;"9074";APV;"0.46%";-1.59%;-0.76%;-3.23%;-0.95%
2023-07-08;"9074";APV;"0.57%";-1.59%;-0.76%;-2.99%;-0.94%
2023-07-09;"9074";APV;"0.44%";-1.59%;-0.77%;-2.98%;-0.93%
2023-07-10;"9074";APV;"0.37%";-1.43%;-0.97%;-3.04%;-0.99%
2023-07-11;"9074";APV;"0.35%";-1.22%;-1.24%;-3.18%;-1.00%
2023-07-12;"9074";APV;"0.32%";-1.14%;-1.54%;-3.22%;-1.05%
2023-07-13;"9074";APV;"0.57%";-0.82%;-1.09%;-2.96%;-0.72%
2023-07-14;"9074";APV;"0.47%";-0.80%;-1.15%;-3.08%;-0.77%
2023-07-15;"9074";APV;"0.28%";-0.79%;-1.14%;-3.13%;-0.76%
2023-07-16;"9074";APV;"0.15%";-0.77%;-1.07%;-3.12%;-0.75%
2023-07-17;"9074";APV;"0.33%";-0.36%;-0.94%;-2.94%;-0.56%
2023-07-18;"9074";APV;"0.33%";-0.23%;-0.92%;-3.34%;-0.55%
2023-07-19;"9074";APV;"0.15%";-0.07%;-0.93%;-3.44%;-0.64%
2023-07-20;"9074";APV;-0.20%;-0.11%;-0.81%;-3.47%;-0.67%
2023-07-21;"9074";APV;-0.30%;-0.07%;-0.92%;-3.45%;-0.77%
2023-07-22;"9074";APV;-0.19%;-0.06%;-0.91%;-3.49%;-0.75%
2023-07-23;"9074";APV;-0.15%;-0.05%;-1.06%;-3.48%;-0.74%
2023-07-24;"9074";APV;-0.21%;"0.07%";-1.10%;-3.53%;-0.79%
2023-07-25;"9074";APV;-0.14%;-0.01%;-0.97%;-3.45%;-0.71%
2023-07-26;"9074";APV;-0.19%;"0.01%";-1.02%;-3.46%;-0.75%
2023-07-27;"9074";APV;-0.29%;"0.14%";-1.00%;-3.25%;-0.77%
2023-07-28;"9074";APV;-0.04%;"0.23%";-0.83%;-3.21%;-0.60%
2023-07-29;"9074";APV;-0.03%;"0.25%";-0.83%;-3.28%;-0.58%
2023-07-30;"9074";APV;"0.02%";"0.26%";-0.66%;-3.26%;-0.57%
2023-07-31;"9074";APV;"0.43%";"0.68%";"0.08%";-2.87%;-0.16%
2023-04-20;"9154";APV;-0.45%;-0.60%;"2.55%";-3.10%;-0.65%
2023-01-31;"9154";APV;-0.48%;"2.40%";-2.49%;"0.09%";-0.47%
2023-02-01;"9154";APV;-0.47%;"2.40%";-2.54%;-0.14%;-0.47%
2023-02-02;"9154";APV;-0.34%;"2.56%";-2.51%;-0.03%;-0.34%
2023-02-03;"9154";APV;-0.28%;"2.42%";-2.39%;-0.07%;-0.41%
2023-02-04;"9154";APV;-0.30%;"2.27%";-2.41%;-0.10%;-0.40%
2023-02-05;"9154";APV;-0.16%;"2.27%";-2.13%;-0.10%;-0.39%
2023-02-06;"9154";APV;-0.48%;"1.92%";-2.47%;-0.44%;-0.74%
2023-02-07;"9154";APV;-0.54%;"1.62%";-2.53%;-0.47%;-0.79%
2023-02-08;"9154";APV;-0.53%;"1.24%";-2.57%;-0.73%;-0.78%
2023-02-09;"9154";APV;-0.64%;"0.51%";-2.57%;-0.69%;-0.84%
2023-02-10;"9154";APV;-0.92%;-0.24%;-2.90%;-0.81%;-1.03%
2023-02-11;"9154";APV;-1.18%;-0.43%;-2.74%;-0.54%;-1.03%
2023-02-12;"9154";APV;-1.42%;-0.43%;-2.60%;-0.54%;-1.03%
2023-02-13;"9154";APV;-1.42%;-0.53%;-2.70%;-0.64%;-1.12%
2023-02-14;"9154";APV;-1.49%;-0.67%;-2.77%;-0.88%;-1.19%
2023-02-15;"9154";APV;-1.63%;-1.65%;-2.90%;-0.86%;-1.32%
2023-02-16;"9154";APV;-1.52%;-1.71%;-2.47%;-0.63%;-1.26%
2023-02-17;"9154";APV;-1.43%;-1.19%;-1.95%;-0.53%;-1.18%
2023-02-18;"9154";APV;-1.39%;-1.16%;-1.50%;-0.55%;-1.18%
2023-02-19;"9154";APV;-1.30%;-1.16%;-1.04%;-0.55%;-1.17%
2023-02-20;"9154";APV;-1.03%;-1.07%;-0.95%;-0.46%;-1.08%
2023-02-21;"9154";APV;-1.24%;-1.59%;-1.15%;-0.61%;-1.28%
2023-02-22;"9154";APV;-1.25%;-1.68%;-0.68%;-0.65%;-1.28%
2023-02-23;"9154";APV;-1.27%;-1.53%;-0.62%;-0.81%;-1.29%
2023-02-24;"9154";APV;-1.20%;-1.42%;-0.68%;-0.93%;-1.16%
2023-02-25;"9154";APV;-1.11%;-1.31%;-0.62%;-0.92%;-1.16%
2023-02-26;"9154";APV;-1.14%;-1.31%;-0.86%;-0.92%;-1.16%
2023-02-27;"9154";APV;-1.06%;-1.22%;-0.77%;-0.83%;-1.06%
2023-02-28;"9154";APV;-1.06%;-1.12%;-0.76%;-0.92%;-1.05%
2023-03-01;"9154";APV;-0.81%;-1.46%;-1.21%;-1.59%;-1.28%
2023-03-02;"9154";APV;-1.15%;-1.88%;-1.84%;-1.94%;-1.48%
2023-03-03;"9154";APV;-1.09%;-1.90%;-1.86%;-1.96%;-1.49%
2023-03-04;"9154";APV;-1.09%;-1.90%;-1.85%;-2.12%;-1.49%
2023-03-05;"9154";APV;-1.09%;-1.91%;-2.30%;-2.11%;-1.48%
2023-03-06;"9154";APV;-0.80%;-1.78%;-2.15%;-2.16%;-1.53%
2023-03-07;"9154";APV;-0.63%;-1.59%;-1.54%;-2.42%;-1.42%
2023-03-08;"9154";APV;-0.76%;-1.70%;-1.50%;-2.46%;-1.53%
2023-03-09;"9154";APV;-0.84%;-1.94%;-1.44%;-2.73%;-1.67%
2023-03-10;"9154";APV;-0.37%;-1.67%;-1.17%;-2.78%;-1.40%
2023-03-11;"9154";APV;-0.36%;-1.66%;-1.16%;-2.72%;-1.39%
2023-03-12;"9154";APV;-0.36%;-1.52%;-0.94%;-2.71%;-1.38%
2023-03-13;"9154";APV;"0.50%";-0.91%;-0.29%;-1.97%;-0.63%
2023-03-14;"9154";APV;"0.43%";-1.11%;-0.53%;-1.94%;-0.76%
2023-03-15;"9154";APV;"0.79%";-0.86%;-0.23%;-1.24%;-0.54%
2023-03-16;"9154";APV;"0.77%";-0.69%;-0.19%;-1.06%;-0.50%
2023-03-17;"9154";APV;"0.83%";-0.56%;-0.06%;-0.77%;-0.36%
2023-03-18;"9154";APV;"0.83%";-0.56%;-0.06%;-0.67%;-0.36%
2023-03-19;"9154";APV;"0.84%";-0.34%;-0.05%;-0.66%;-0.35%
2023-03-20;"9154";APV;"0.89%";-0.12%;"0.10%";-0.52%;-0.20%
2023-03-21;"9154";APV;"1.10%";"0.08%";"0.31%";-0.45%;-0.19%
2023-03-22;"9154";APV;"0.89%";-0.15%;"0.68%";-0.48%;-0.40%
2023-03-23;"9154";APV;"1.25%";"0.23%";"1.14%";-0.19%;-0.05%
2023-03-24;"9154";APV;"1.32%";"0.43%";"1.34%";"0.04%";"0.14%"
2023-03-25;"9154";APV;"1.33%";"0.44%";"1.34%";"0.03%";"0.15%"
2023-03-26;"9154";APV;"1.33%";"0.57%";"1.93%";"0.03%";"0.16%"
2023-03-27;"9154";APV;"1.00%";"0.26%";"2.36%";-0.20%;-0.07%
2023-03-28;"9154";APV;"1.21%";"0.29%";"2.84%";"0.17%";"0.15%"
2023-03-29;"9154";APV;"1.26%";"0.25%";"2.93%";"0.07%";"0.19%"
2023-03-30;"9154";APV;"1.56%";"0.49%";"3.21%";"0.16%";"0.49%"
2023-03-31;"9154";APV;"1.61%";"0.54%";"3.26%";-0.26%;"0.54%"
2023-04-01;"9154";APV;"1.85%";"0.55%";"3.26%";-0.62%;"0.55%"
2023-04-02;"9154";APV;"2.07%";"0.55%";"3.27%";-0.61%;"0.56%"
2023-04-03;"9154";APV;"2.30%";"0.90%";"3.54%";-0.41%;"0.77%"
2023-04-04;"9154";APV;"2.18%";"0.75%";"3.64%";-0.77%;"0.66%"
2023-04-05;"9154";APV;"2.01%";"0.73%";"3.78%";-1.07%;"0.50%"
2023-04-06;"9154";APV;"2.41%";"1.10%";"4.62%";-0.69%;"0.84%"
2023-04-07;"9154";APV;"2.30%";"1.10%";"4.48%";-0.67%;"0.85%"
2023-04-08;"9154";APV;"2.42%";"1.11%";"4.48%";-1.10%;"0.86%"
2023-04-09;"9154";APV;"2.58%";"1.07%";"4.48%";-1.09%;"0.86%"
2023-04-10;"9154";APV;"2.05%";"0.74%";"4.23%";-1.33%;"0.63%"
2023-04-11;"9154";APV;"1.81%";"0.25%";"3.95%";-1.68%;"0.40%"
2023-04-12;"9154";APV;"1.64%";-0.16%;"3.68%";-1.76%;"0.24%"
2023-04-13;"9154";APV;"0.67%";-0.26%;"3.27%";-2.29%;"0.04%"
2023-04-14;"9154";APV;"0.75%";-0.31%;"3.03%";-2.65%;-0.01%
2023-04-15;"9154";APV;"0.53%";-0.32%;"3.03%";-2.65%;-0.01%
2023-04-16;"9154";APV;"0.49%";-0.27%;"3.02%";-2.65%;-0.01%
2023-04-17;"9154";APV;"0.14%";-0.48%;"2.55%";-2.86%;-0.22%
2023-04-18;"9154";APV;"0.05%";-0.52%;"2.50%";-2.79%;-0.30%
2023-04-19;"9154";APV;-0.21%;-0.68%;"2.46%";-3.13%;-0.56%
2023-04-21;"9154";APV;-0.56%;-0.71%;"2.27%";-3.10%;-0.75%
2023-04-22;"9154";APV;-0.35%;-0.72%;"2.27%";-3.11%;-0.75%
2023-04-23;"9154";APV;-0.69%;-0.73%;"2.26%";-3.11%;-0.75%
2023-04-24;"9154";APV;-1.04%;-0.93%;"2.15%";-3.25%;-0.90%
2023-04-25;"9154";APV;-0.91%;-0.72%;"2.25%";-3.14%;-0.76%
2023-04-26;"9154";APV;-0.96%;-0.79%;"2.12%";-3.04%;-0.81%
2023-04-27;"9154";APV;-0.80%;-0.87%;"1.99%";-3.17%;-0.87%
2023-04-28;"9154";APV;-0.97%;-0.82%;"2.07%";-3.12%;-0.82%
2023-04-29;"9154";APV;-1.01%;-0.83%;"2.06%";-2.98%;-0.81%
2023-04-30;"9154";APV;-1.30%;-0.70%;"2.06%";-2.98%;-0.81%
2023-05-01;"9154";APV;-1.35%;-0.34%;"2.05%";-2.97%;-0.81%
2023-05-02;"9154";APV;-1.45%;-0.56%;"1.98%";-2.84%;-0.90%
2023-05-03;"9154";APV;-1.60%;-0.43%;"1.97%";-2.72%;-0.84%
2023-05-04;"9154";APV;-1.47%;-0.42%;"1.85%";-2.65%;-0.82%
2023-05-05;"9154";APV;-1.53%;-0.65%;"1.61%";-2.64%;-1.04%
2023-05-06;"9154";APV;-1.86%;-0.30%;"1.61%";-2.33%;-1.04%
2023-05-07;"9154";APV;-1.87%;-0.25%;"1.37%";-2.33%;-1.04%
2023-05-08;"9154";APV;-2.02%;-0.41%;"0.83%";-2.48%;-1.18%
2023-05-09;"9154";APV;-2.19%;-0.50%;"0.00%";-2.18%;-1.34%
2023-05-10;"9154";APV;-1.85%;-0.20%;-0.45%;-2.00%;-1.23%
2023-05-11;"9154";APV;-1.73%;-0.31%;-0.73%;-2.28%;-1.33%
2023-05-12;"9154";APV;-1.68%;-0.43%;-0.85%;-2.52%;-1.45%
2023-05-13;"9154";APV;-1.47%;-0.32%;-0.85%;-2.53%;-1.44%
2023-05-14;"9154";APV;-1.42%;-0.25%;-0.92%;-2.52%;-1.43%
2023-05-15;"9154";APV;-1.64%;-0.33%;-1.97%;-2.74%;-1.65%
2023-05-16;"9154";APV;-1.66%;-0.41%;-2.11%;-2.85%;-1.67%
2023-05-17;"9154";APV;-1.35%;-0.40%;-1.58%;-2.87%;-1.57%
2023-05-18;"9154";APV;-1.36%;-0.49%;-1.65%;-2.97%;-1.66%
2023-05-19;"9154";APV;-1.27%;-0.66%;-1.81%;-3.31%;-1.82%
2023-05-20;"9154";APV;-1.18%;-0.74%;-1.81%;-3.47%;-1.81%
2023-05-21;"9154";APV;-1.06%;-0.54%;-2.12%;-3.46%;-1.81%
2023-05-22;"9154";APV;-1.27%;-0.74%;-2.40%;-3.66%;-2.01%
2023-05-23;"9154";APV;-1.48%;-0.94%;-2.45%;-3.96%;-2.22%
2023-05-24;"9154";APV;-1.22%;-0.96%;-2.36%;-4.00%;-2.11%
2023-05-25;"9154";APV;-1.52%;-1.13%;-2.42%;-4.12%;-2.27%
2023-05-26;"9154";APV;-1.65%;-1.30%;-2.60%;-4.08%;-2.44%
2023-05-27;"9154";APV;-1.58%;-1.39%;-2.59%;-4.12%;-2.43%
2023-05-28;"9154";APV;-1.62%;-1.39%;-2.50%;-4.12%;-2.42%
2023-05-29;"9154";APV;-1.45%;-1.21%;-2.30%;-3.94%;-2.25%
2023-05-30;"9154";APV;-1.51%;-1.27%;-2.22%;-3.87%;-2.31%
2023-05-31;"9154";APV;-1.33%;-1.09%;-2.04%;-3.73%;-2.13%
2023-06-01;"9154";APV;-1.25%;-0.78%;-2.23%;-3.70%;-2.05%
2023-06-02;"9154";APV;-1.04%;-0.46%;-2.33%;-3.56%;-1.93%
2023-06-03;"9154";APV;-1.09%;-0.44%;-2.33%;-3.47%;-1.92%
2023-06-04;"9154";APV;-1.11%;-0.43%;-2.33%;-3.46%;-1.92%
2023-06-05;"9154";APV;-0.71%;-0.27%;-2.17%;-3.30%;-1.75%
2023-06-06;"9154";APV;-0.64%;-0.15%;-1.92%;-3.17%;-1.67%
2023-06-07;"9154";APV;-0.50%;-0.12%;-1.70%;-2.95%;-1.53%
2023-06-08;"9154";APV;-0.53%;-0.19%;-1.88%;-2.89%;-1.71%
2023-06-09;"9154";APV;-0.29%;"0.05%";-1.89%;-2.67%;-1.62%
2023-06-10;"9154";APV;-0.39%;-0.22%;-1.88%;-2.66%;-1.62%
2023-06-11;"9154";APV;-0.28%;-0.22%;-1.88%;-2.66%;-1.61%
2023-06-12;"9154";APV;-0.20%;-0.27%;-1.79%;-2.70%;-1.65%
2023-06-13;"9154";APV;-0.12%;-0.94%;-1.84%;-2.35%;-1.56%
2023-06-14;"9154";APV;-0.05%;-0.73%;-1.83%;-2.22%;-1.48%
2023-06-15;"9154";APV;"0.39%";-0.73%;-1.59%;-2.21%;-1.26%
2023-06-16;"9154";APV;"0.60%";-0.58%;-1.27%;-2.22%;-1.08%
2023-06-17;"9154";APV;"0.51%";-0.71%;-1.27%;-2.26%;-1.07%
2023-06-18;"9154";APV;"0.61%";-0.71%;-1.26%;-2.25%;-1.06%
2023-06-19;"9154";APV;"0.86%";-0.63%;-0.97%;-2.17%;-0.98%
2023-06-20;"9154";APV;"1.22%";-0.41%;-0.53%;-1.98%;-0.61%
2023-06-21;"9154";APV;"1.22%";-0.41%;-0.33%;-1.97%;-0.60%
2023-06-22;"9154";APV;"1.39%";-0.25%;-0.40%;-2.21%;-0.65%
2023-06-23;"9154";APV;"1.56%";-0.64%;-0.41%;-2.29%;-0.69%
2023-06-24;"9154";APV;"1.45%";-0.83%;-0.40%;-2.18%;-0.69%
2023-06-25;"9154";APV;"1.63%";-0.83%;-0.39%;-2.17%;-0.68%
2023-06-26;"9154";APV;"1.82%";-0.83%;-0.26%;-2.16%;-0.67%
2023-06-27;"9154";APV;"1.90%";-0.51%;-0.26%;-2.08%;-0.58%
2023-06-28;"9154";APV;"1.77%";-0.84%;-0.56%;-2.09%;-0.69%
2023-06-29;"9154";APV;"1.59%";-0.89%;-0.64%;-2.10%;-0.70%
2023-06-30;"9154";APV;"1.63%";-1.20%;-0.72%;-2.28%;-0.72%
2023-07-01;"9154";APV;"1.37%";-1.25%;-0.71%;-2.40%;-0.71%
2023-07-02;"9154";APV;"1.25%";-1.25%;-0.71%;-2.39%;-0.70%
2023-07-03;"9154";APV;"1.45%";-1.27%;-0.38%;-2.19%;-0.50%
2023-07-04;"9154";APV;"1.34%";-1.25%;-0.50%;-2.25%;-0.60%
2023-07-05;"9154";APV;"1.04%";-1.22%;-0.49%;-2.60%;-0.73%
2023-07-06;"9154";APV;"0.86%";-1.65%;-0.57%;-2.70%;-0.82%
2023-07-07;"9154";APV;"0.43%";-1.94%;-0.86%;-2.99%;-1.11%
2023-07-08;"9154";APV;"0.62%";-1.94%;-0.85%;-2.72%;-1.10%
2023-07-09;"9154";APV;"0.54%";-1.94%;-0.89%;-2.71%;-1.09%
2023-07-10;"9154";APV;"0.47%";-1.77%;-1.04%;-2.77%;-1.16%
2023-07-11;"9154";APV;"0.32%";-1.68%;-1.43%;-3.01%;-1.29%
2023-07-12;"9154";APV;"0.28%";-1.61%;-1.76%;-3.03%;-1.37%
2023-07-13;"9154";APV;"0.52%";-1.09%;-1.35%;-2.76%;-1.05%
2023-07-14;"9154";APV;"0.43%";-1.05%;-1.36%;-2.80%;-1.06%
2023-07-15;"9154";APV;"0.22%";-1.04%;-1.35%;-2.85%;-1.04%
2023-07-16;"9154";APV;"0.05%";-1.02%;-1.29%;-2.84%;-1.03%
2023-07-17;"9154";APV;"0.30%";-0.55%;-1.02%;-2.59%;-0.77%
2023-07-18;"9154";APV;"0.30%";-0.47%;-0.99%;-2.97%;-0.77%
2023-07-19;"9154";APV;"0.15%";-0.27%;-0.95%;-3.06%;-0.83%
2023-07-20;"9154";APV;-0.41%;-0.38%;-0.98%;-3.22%;-1.02%
2023-07-21;"9154";APV;-0.49%;-0.34%;-1.05%;-3.16%;-1.09%
2023-07-22;"9154";APV;-0.43%;-0.33%;-1.05%;-3.18%;-1.08%
2023-07-23;"9154";APV;-0.38%;-0.32%;-1.05%;-3.17%;-1.07%
2023-07-24;"9154";APV;-0.43%;-0.22%;-1.15%;-3.22%;-1.12%
2023-07-25;"9154";APV;-0.32%;-0.24%;-0.95%;-3.11%;-1.00%
2023-07-26;"9154";APV;-0.37%;-0.23%;-1.02%;-3.07%;-1.03%
2023-07-27;"9154";APV;-0.47%;-0.18%;-1.04%;-2.85%;-1.04%
2023-07-28;"9154";APV;-0.14%;-0.02%;-0.84%;-2.76%;-0.83%
2023-07-29;"9154";APV;-0.12%;-0.01%;-0.83%;-2.82%;-0.82%
2023-07-30;"9154";APV;-0.09%;"0.01%";-0.70%;-2.81%;-0.81%
2023-07-31;"9154";APV;"0.35%";"0.45%";"0.10%";-2.39%;-0.37%
2023-01-31;"9201";APV;"0.49%";"2.93%";-2.15%;"1.05%";"0.50%"
2023-02-01;"9201";APV;"0.41%";"2.84%";-2.06%;"0.83%";"0.43%"
2023-02-02;"9201";APV;"0.60%";"2.98%";-1.81%;"0.97%";"0.63%"
2023-02-03;"9201";APV;"0.56%";"2.88%";-1.66%;"0.85%";"0.50%"
2023-02-04;"9201";APV;"0.44%";"2.66%";-1.47%;"0.84%";"0.51%"
2023-02-05;"9201";APV;"0.36%";"2.66%";-1.13%;"0.85%";"0.52%"
2023-02-06;"9201";APV;-0.16%;"2.35%";-1.42%;"0.56%";"0.23%"
2023-02-07;"9201";APV;-0.20%;"2.08%";-1.45%;"0.59%";"0.21%"
2023-02-08;"9201";APV;-0.24%;"1.37%";-1.40%;"0.42%";"0.17%"
2023-02-09;"9201";APV;-0.53%;"0.56%";-1.50%;"0.59%";"0.08%"
2023-02-10;"9201";APV;-0.96%;-0.35%;-1.95%;"0.51%";-0.16%
2023-02-11;"9201";APV;-1.21%;-0.49%;-1.79%;"0.67%";-0.15%
2023-02-12;"9201";APV;-1.40%;-0.49%;-1.59%;"0.67%";-0.14%
2023-02-13;"9201";APV;-1.43%;-0.63%;-1.73%;"0.53%";-0.28%
2023-02-14;"9201";APV;-1.52%;-1.04%;-1.82%;"0.35%";-0.36%
2023-02-15;"9201";APV;-1.60%;-1.60%;-1.90%;"0.36%";-0.43%
2023-02-16;"9201";APV;-1.42%;-1.55%;-1.37%;"0.38%";-0.33%
2023-02-17;"9201";APV;-1.36%;-0.98%;-0.83%;"0.38%";-0.29%
2023-02-18;"9201";APV;-1.35%;-0.92%;-0.30%;"0.41%";-0.28%
2023-02-19;"9201";APV;-1.23%;-0.92%;"0.13%";"0.42%";-0.27%
2023-02-20;"9201";APV;-1.03%;-0.84%;"0.21%";"0.50%";-0.18%
2023-02-21;"9201";APV;-1.23%;-1.17%;"0.00%";"0.33%";-0.38%
2023-02-22;"9201";APV;-1.18%;-1.05%;"0.36%";"0.35%";-0.33%
2023-02-23;"9201";APV;-1.22%;-0.82%;"0.27%";"0.08%";-0.28%
2023-02-24;"9201";APV;-1.21%;-0.75%;"0.24%";-0.18%;-0.23%
2023-02-25;"9201";APV;-1.19%;-0.55%;-0.03%;-0.20%;-0.22%
2023-02-26;"9201";APV;-1.23%;-0.55%;-0.32%;-0.20%;-0.21%
2023-02-27;"9201";APV;-1.15%;-0.51%;-0.28%;-0.16%;-0.16%
2023-02-28;"9201";APV;-1.10%;-0.18%;-0.24%;-0.29%;-0.11%
2023-03-01;"9201";APV;-0.74%;-0.98%;-0.38%;-0.92%;-0.31%
2023-03-02;"9201";APV;-1.13%;-1.18%;-1.05%;-1.23%;-0.50%
2023-03-03;"9201";APV;-0.94%;-1.12%;-1.00%;-1.19%;-0.44%
2023-03-04;"9201";APV;-0.94%;-1.12%;-1.01%;-1.43%;-0.43%
2023-03-05;"9201";APV;-0.94%;-1.15%;-1.14%;-1.43%;-0.42%
2023-03-06;"9201";APV;-0.71%;-1.14%;-0.96%;-1.48%;-0.47%
2023-03-07;"9201";APV;-0.59%;-0.72%;-0.26%;-1.89%;-0.38%
2023-03-08;"9201";APV;-0.78%;-0.94%;-0.21%;-2.09%;-0.60%
2023-03-09;"9201";APV;-0.85%;-1.21%;-0.20%;-2.30%;-0.77%
2023-03-10;"9201";APV;-0.32%;-0.93%;"0.08%";-1.92%;-0.49%
2023-03-11;"9201";APV;-0.33%;-0.93%;"0.07%";-1.68%;-0.48%
2023-03-12;"9201";APV;-0.33%;-0.67%;"0.17%";-1.68%;-0.47%
2023-03-13;"9201";APV;"0.62%";-0.03%;"0.94%";-0.88%;"0.34%"
2023-03-14;"9201";APV;"0.48%";-0.21%;"0.67%";-0.71%;"0.12%"
2023-03-15;"9201";APV;"0.87%";"0.14%";"1.05%";-0.02%;"0.43%"
2023-03-16;"9201";APV;"0.75%";"0.30%";"1.03%";"0.25%";"0.41%"
2023-03-17;"9201";APV;"0.85%";"0.43%";"1.16%";"0.52%";"0.55%"
2023-03-18;"9201";APV;"0.84%";"0.43%";"1.15%";"0.43%";"0.56%"
2023-03-19;"9201";APV;"0.84%";"0.62%";"1.15%";"0.43%";"0.57%"
2023-03-20;"9201";APV;"0.89%";"0.85%";"1.42%";"0.57%";"0.71%"
2023-03-21;"9201";APV;"1.02%";"0.87%";"1.69%";"0.43%";"0.64%"
2023-03-22;"9201";APV;"0.86%";"0.87%";"2.17%";"0.42%";"0.53%"
2023-03-23;"9201";APV;"0.98%";"1.15%";"2.58%";"0.61%";"0.70%"
2023-03-24;"9201";APV;"1.12%";"1.34%";"2.76%";"0.94%";"0.89%"
2023-03-25;"9201";APV;"1.12%";"1.33%";"2.76%";"0.89%";"0.89%"
2023-03-26;"9201";APV;"1.11%";"1.46%";"3.38%";"0.89%";"0.90%"
2023-03-27;"9201";APV;"0.85%";"1.15%";"3.73%";"0.67%";"0.69%"
2023-03-28;"9201";APV;"0.94%";"1.18%";"4.36%";"0.88%";"0.83%"
2023-03-29;"9201";APV;"1.00%";"0.99%";"4.76%";"0.91%";"0.89%"
2023-03-30;"9201";APV;"1.28%";"1.17%";"5.03%";"0.55%";"1.17%"
2023-03-31;"9201";APV;"1.37%";"1.25%";"5.12%";"0.29%";"1.26%"
2023-04-01;"9201";APV;"1.59%";"1.25%";"5.11%";"0.22%";"1.27%"
2023-04-02;"9201";APV;"1.79%";"1.25%";"5.11%";"0.23%";"1.28%"
2023-04-03;"9201";APV;"1.97%";"1.58%";"5.26%";"0.47%";"1.52%"
2023-04-04;"9201";APV;"1.86%";"1.35%";"5.29%";"0.24%";"1.42%"
2023-04-05;"9201";APV;"1.71%";"1.12%";"5.30%";"0.08%";"1.28%"
2023-04-06;"9201";APV;"2.04%";"1.16%";"5.78%";"0.37%";"1.55%"
2023-04-07;"9201";APV;"1.95%";"1.15%";"5.66%";"0.39%";"1.56%"
2023-04-08;"9201";APV;"2.18%";"1.15%";"5.65%";-0.03%;"1.57%"
2023-04-09;"9201";APV;"2.37%";"0.96%";"5.64%";-0.03%;"1.58%"
2023-04-10;"9201";APV;"1.83%";"0.52%";"5.38%";-0.27%;"1.34%"
2023-04-11;"9201";APV;"1.67%";"0.10%";"5.13%";-0.68%;"1.18%"
2023-04-12;"9201";APV;"1.49%";-0.27%;"4.82%";-1.01%;"1.01%"
2023-04-13;"9201";APV;"0.58%";-0.24%;"4.24%";-1.50%;"0.93%"
2023-04-14;"9201";APV;"0.84%";-0.21%;"4.20%";-1.66%;"0.96%"
2023-04-15;"9201";APV;"0.54%";-0.21%;"4.20%";-1.66%;"0.97%"
2023-04-16;"9201";APV;"0.56%";-0.12%;"4.19%";-1.66%;"0.98%"
2023-04-17;"9201";APV;"0.15%";-0.37%;"3.61%";-1.93%;"0.71%"
2023-04-18;"9201";APV;-0.01%;-0.53%;"3.64%";-1.94%;"0.55%"
2023-04-19;"9201";APV;-0.31%;-0.71%;"3.53%";-2.34%;"0.26%"
2023-04-20;"9201";APV;-0.45%;-0.59%;"3.35%";-2.29%;"0.26%"
2023-04-21;"9201";APV;-0.49%;-0.71%;"2.95%";-2.04%;"0.15%"
2023-04-22;"9201";APV;-0.38%;-0.71%;"2.95%";-1.87%;"0.16%"
2023-04-23;"9201";APV;-0.53%;-0.78%;"2.95%";-1.88%;"0.17%"
2023-04-24;"9201";APV;-0.96%;-1.07%;"2.64%";-2.13%;-0.09%
2023-04-25;"9201";APV;-0.91%;-1.00%;"2.59%";-1.95%;-0.02%
2023-04-26;"9201";APV;-0.94%;-1.07%;"2.39%";-1.77%;-0.04%
2023-04-27;"9201";APV;-0.83%;-1.14%;"2.22%";-1.79%;-0.15%
2023-04-28;"9201";APV;-0.92%;-1.10%;"2.36%";-1.68%;-0.10%
2023-04-29;"9201";APV;-0.97%;-1.09%;"2.35%";-1.52%;-0.09%
2023-04-30;"9201";APV;-1.24%;-0.88%;"2.34%";-1.52%;-0.08%
2023-05-01;"9201";APV;-1.33%;-0.50%;"2.33%";-1.53%;-0.08%
2023-05-02;"9201";APV;-1.40%;-0.77%;"2.18%";-1.34%;-0.15%
2023-05-03;"9201";APV;-1.61%;-0.61%;"2.25%";-1.32%;-0.11%
2023-05-04;"9201";APV;-1.56%;-0.67%;"1.98%";-1.27%;-0.16%
2023-05-05;"9201";APV;-1.50%;-0.75%;"1.88%";-1.10%;-0.24%
2023-05-06;"9201";APV;-1.76%;-0.46%;"1.88%";-0.81%;-0.23%
2023-05-07;"9201";APV;-1.75%;-0.43%;"1.64%";-0.81%;-0.22%
2023-05-08;"9201";APV;-1.95%;-0.59%;"0.78%";-1.02%;-0.41%
2023-05-09;"9201";APV;-2.11%;-0.65%;-0.09%;-0.61%;-0.57%
2023-05-10;"9201";APV;-1.82%;-0.35%;-0.70%;-0.54%;-0.51%
2023-05-11;"9201";APV;-1.72%;-0.41%;-0.90%;-1.00%;-0.56%
2023-05-12;"9201";APV;-1.67%;-0.54%;-1.03%;-1.38%;-0.68%
2023-05-13;"9201";APV;-1.58%;-0.39%;-1.02%;-1.29%;-0.67%
2023-05-14;"9201";APV;-1.61%;-0.30%;-1.34%;-1.28%;-0.66%
2023-05-15;"9201";APV;-1.83%;-0.44%;-2.04%;-1.51%;-0.88%
2023-05-16;"9201";APV;-1.81%;-0.51%;-2.06%;-1.55%;-0.84%
2023-05-17;"9201";APV;-1.41%;-0.42%;-1.40%;-1.52%;-0.71%
2023-05-18;"9201";APV;-1.35%;-0.53%;-1.45%;-1.67%;-0.80%
2023-05-19;"9201";APV;-1.10%;-0.58%;-1.49%;-1.83%;-0.84%
2023-05-20;"9201";APV;-1.09%;-0.65%;-1.49%;-2.00%;-0.83%
2023-05-21;"9201";APV;-0.97%;-0.44%;-1.61%;-1.99%;-0.82%
2023-05-22;"9201";APV;-1.33%;-0.85%;-1.90%;-2.35%;-1.18%
2023-05-23;"9201";APV;-1.56%;-1.12%;-1.93%;-2.75%;-1.40%
2023-05-24;"9201";APV;-1.24%;-1.10%;-1.84%;-2.86%;-1.33%
2023-05-25;"9201";APV;-1.50%;-1.30%;-1.84%;-3.06%;-1.52%
2023-05-26;"9201";APV;-1.65%;-1.49%;-2.02%;-3.04%;-1.69%
2023-05-27;"9201";APV;-1.54%;-1.52%;-2.02%;-3.02%;-1.68%
2023-05-28;"9201";APV;-1.57%;-1.56%;-1.74%;-3.02%;-1.67%
2023-05-29;"9201";APV;-1.31%;-1.30%;-1.67%;-2.77%;-1.40%
2023-05-30;"9201";APV;-1.38%;-1.36%;-1.66%;-2.73%;-1.46%
2023-05-31;"9201";APV;-1.22%;-1.19%;-1.49%;-2.51%;-1.30%
2023-06-01;"9201";APV;-1.07%;-0.83%;-1.81%;-2.40%;-1.15%
2023-06-02;"9201";APV;-0.95%;-0.60%;-1.77%;-2.24%;-1.10%
2023-06-03;"9201";APV;-0.97%;-0.65%;-1.76%;-2.14%;-1.09%
2023-06-04;"9201";APV;-0.92%;-0.64%;-1.76%;-2.14%;-1.07%
2023-06-05;"9201";APV;-0.60%;-0.42%;-1.56%;-1.91%;-0.84%
2023-06-06;"9201";APV;-0.58%;-0.34%;-1.48%;-1.74%;-0.81%
2023-06-07;"9201";APV;-0.52%;-0.35%;-1.07%;-1.54%;-0.73%
2023-06-08;"9201";APV;-0.45%;-0.26%;-1.20%;-1.43%;-0.86%
2023-06-09;"9201";APV;-0.24%;-0.03%;-1.24%;-1.22%;-0.81%
2023-06-10;"9201";APV;-0.29%;-0.32%;-1.24%;-1.15%;-0.80%
2023-06-11;"9201";APV;-0.23%;-0.31%;-1.24%;-1.15%;-0.79%
2023-06-12;"9201";APV;-0.10%;-0.31%;-0.98%;-1.14%;-0.78%
2023-06-13;"9201";APV;-0.03%;-1.03%;-1.07%;-0.85%;-0.70%
2023-06-14;"9201";APV;"0.04%";-0.74%;-0.95%;-0.70%;-0.62%
2023-06-15;"9201";APV;"0.50%";-0.81%;-0.66%;-0.69%;-0.38%
2023-06-16;"9201";APV;"0.64%";-0.62%;-0.32%;-0.87%;-0.21%
2023-06-17;"9201";APV;"0.52%";-0.75%;-0.32%;-1.05%;-0.20%
2023-06-18;"9201";APV;"0.63%";-0.74%;-0.32%;-1.04%;-0.18%
2023-06-19;"9201";APV;"0.72%";-0.69%;-0.08%;-0.99%;-0.13%
2023-06-20;"9201";APV;"1.07%";-0.48%;"0.36%";-0.75%;"0.23%"
2023-06-21;"9201";APV;"1.07%";-0.40%;"0.47%";-0.74%;"0.24%"
2023-06-22;"9201";APV;"1.44%";-0.29%;"0.58%";-1.10%;"0.24%"
2023-06-23;"9201";APV;"1.63%";-0.48%;"0.67%";-1.42%;"0.21%"
2023-06-24;"9201";APV;"1.58%";-0.65%;"0.67%";-1.24%;"0.23%"
2023-06-25;"9201";APV;"1.78%";-0.65%;"0.67%";-1.23%;"0.24%"
2023-06-26;"9201";APV;"1.98%";-0.64%;"0.80%";-1.23%;"0.25%"
2023-06-27;"9201";APV;"2.05%";-0.35%;"0.80%";-1.15%;"0.33%"
2023-06-28;"9201";APV;"1.98%";-0.55%;"0.62%";-1.07%;"0.28%"
2023-06-29;"9201";APV;"1.71%";-0.61%;"0.37%";-1.11%;"0.28%"
2023-06-30;"9201";APV;"1.77%";-0.89%;"0.28%";-1.39%;"0.28%"
2023-07-01;"9201";APV;"1.45%";-0.96%;"0.27%";-1.50%;"0.29%"
2023-07-02;"9201";APV;"1.42%";-0.96%;"0.28%";-1.50%;"0.30%"
2023-07-03;"9201";APV;"1.59%";-1.02%;"0.55%";-1.32%;"0.49%"
2023-07-04;"9201";APV;"1.55%";-0.95%;"0.39%";-1.28%;"0.46%"
2023-07-05;"9201";APV;"1.20%";-0.92%;"0.18%";-1.63%;"0.35%"
2023-07-06;"9201";APV;"1.10%";-1.26%;-0.11%;-1.70%;"0.28%"
2023-07-07;"9201";APV;"0.71%";-1.57%;-0.43%;-1.96%;-0.03%
2023-07-08;"9201";APV;"0.85%";-1.57%;-0.44%;-1.73%;-0.02%
2023-07-09;"9201";APV;"0.80%";-1.56%;-0.62%;-1.73%;-0.01%
2023-07-10;"9201";APV;"0.74%";-1.39%;-0.87%;-1.79%;-0.07%
2023-07-11;"9201";APV;"0.47%";-1.48%;-1.38%;-2.10%;-0.32%
2023-07-12;"9201";APV;"0.33%";-1.45%;-1.71%;-2.23%;-0.45%
2023-07-13;"9201";APV;"0.56%";-1.05%;-1.29%;-2.19%;-0.14%
2023-07-14;"9201";APV;"0.46%";-1.12%;-1.33%;-2.36%;-0.16%
2023-07-15;"9201";APV;"0.23%";-1.11%;-1.32%;-2.35%;-0.15%
2023-07-16;"9201";APV;"0.07%";-1.11%;-1.23%;-2.34%;-0.14%
2023-07-17;"9201";APV;"0.36%";-0.54%;-0.91%;-2.06%;"0.16%"
2023-07-18;"9201";APV;"0.34%";-0.39%;-0.92%;-2.24%;"0.16%"
2023-07-19;"9201";APV;"0.19%";-0.19%;-0.89%;-2.27%;"0.07%"
2023-07-20;"9201";APV;-0.16%;-0.19%;-0.78%;-2.14%;"0.07%"
2023-07-21;"9201";APV;-0.34%;-0.24%;-0.95%;-2.22%;-0.10%
2023-07-22;"9201";APV;-0.33%;-0.24%;-0.95%;-2.38%;-0.08%
2023-07-23;"9201";APV;-0.29%;-0.24%;-1.01%;-2.37%;-0.07%
2023-07-24;"9201";APV;-0.24%;"0.07%";-1.00%;-2.32%;-0.02%
2023-07-25;"9201";APV;-0.15%;"0.11%";-0.89%;-2.45%;"0.09%"
2023-07-26;"9201";APV;-0.17%;"0.12%";-0.95%;-2.39%;"0.08%"
2023-07-27;"9201";APV;-0.21%;"0.27%";-0.87%;-2.25%;"0.12%"
2023-07-28;"9201";APV;"0.00%";"0.38%";-0.72%;-2.23%;"0.28%"
2023-07-29;"9201";APV;"0.02%";"0.38%";-0.71%;-2.34%;"0.30%"
2023-07-30;"9201";APV;"0.03%";"0.39%";-0.50%;-2.33%;"0.31%"
2023-07-31;"9201";APV;"0.47%";"0.84%";"0.25%";-1.91%;"0.75%"
